session_id,student_id,persona,event_id,event_type,ts_iso,ts_ms,session_offset_ms,wave_number,question_id,subject,difficulty,correct,response_time_ms,context,tower_type,tile_col,tile_row,gold_spent,old_level,new_level,success,difficulty_jump,total_enemies,enemies_killed,enemies_leaked,interest,bonus_gold,synergy_id,synergy_name,enemy_type,knowledge_component,reward,live_cost,lives_remaining,amount,remaining_prep_time
session_1776329315599.5_alobrl,student_w1_001,strong_student,evt_1776329315622_ywn,chapter_entered,2026-04-16T08:48:35.622Z,1776329315622,22.5,,,,,,,,,,,,,,,,,,,,,,,,,,,,,
session_1776329315599.5_alobrl,student_w1_001,strong_student,evt_1776329317092_xz3,combat_started,2026-04-16T08:48:37.092Z,1776329317092,1492.5,,,,,,,,,,,,,,,,,,,,,,,,,,,,,
session_1776329315599.5_alobrl,student_w1_001,strong_student,evt_1776329324242.5_ftt,defend_action,2026-04-16T08:48:44.242Z,1776329324242.5,8643,,,,,,,,,,,,,,,,,,,,,,,,,,,,,
session_1776329317659_yvqvjx,student_w2_001,guesser,evt_1776329317680_1ei,chapter_entered,2026-04-16T08:48:37.680Z,1776329317680,21,,,,,,,,,,,,,,,,,,,,,,,,,,,,,
session_1776329317659_yvqvjx,student_w2_001,guesser,evt_1776329320623_521,combat_started,2026-04-16T08:48:40.623Z,1776329320623,2964,,,,,,,,,,,,,,,,,,,,,,,,,,,,,
session_1776329317659_yvqvjx,student_w2_001,guesser,evt_1776329324952_tju,defend_action,2026-04-16T08:48:44.952Z,1776329324952,7293,,,,,,,,,,,,,,,,,,,,,,,,,,,,,
session_1776329317659_yvqvjx,student_w2_001,guesser,evt_1776329345034_7j3,defend_action,2026-04-16T08:49:05.034Z,1776329345034,27375,,,,,,,,,,,,,,,,,,,,,,,,,,,,,
session_1776329317659_yvqvjx,student_w2_001,guesser,evt_1776329374473_icv,spell_choice,2026-04-16T08:49:34.473Z,1776329374473,56814,,,math,3,,,,,,,,,,,,,,,,,,,,,,,,,
session_1776329317659_yvqvjx,student_w2_001,guesser,evt_1776329383540.5_eu7,question_answered,2026-04-16T08:49:43.540Z,1776329383540.5,65881.5,,m44,math,3,false,9054,,,,,,,,,,,,,,,,,,,,,,,
session_1776329317659_yvqvjx,student_w2_001,guesser,evt_1776329405374.5_3tg,defend_action,2026-04-16T08:50:05.374Z,1776329405374.5,87715.5,,,,,,,,,,,,,,,,,,,,,,,,,,,,,
session_1776329317659_yvqvjx,student_w2_001,guesser,evt_1776329434966.5_v66,spell_choice,2026-04-16T08:50:34.966Z,1776329434966.5,117307.5,,,math,1,,,,,,,,,,,,,,,,,,,,,,,,,
session_1776329317659_yvqvjx,student_w2_001,guesser,evt_1776329443120.5_2vx,question_answered,2026-04-16T08:50:43.120Z,1776329443120.5,125461.5,,m10,math,1,true,8143.5,,,,,,,,,,,,,,,,,,,,,,,
session_1776329317659_yvqvjx,student_w2_001,guesser,evt_1776329454270_n3u,timing_cast,2026-04-16T08:50:54.270Z,1776329454270,136611,,,,,,,,,,,,,,,,,,,,,,,,,,,,,
session_1776329628709.5_05tov0,student_w1_002,strong_student,evt_1776329628735_jsl,chapter_entered,2026-04-16T08:53:48.738Z,1776329628738,28.5,,,,,,,,,,,,,,,,,,,,,,,,,,,,,
session_1776329628709.5_05tov0,student_w1_002,strong_student,evt_1776329630665.5_yw7,combat_started,2026-04-16T08:53:50.667Z,1776329630667,1957.5,,,,,,,,,,,,,,,,,,,,,,,,,,,,,
session_1776329640775.5_azrk1c,student_w2_002,guesser,evt_1776329640787.5_h0y,chapter_entered,2026-04-16T08:54:00.789Z,1776329640789,13.5,,,,,,,,,,,,,,,,,,,,,,,,,,,,,
session_1776329640775.5_azrk1c,student_w2_002,guesser,evt_1776329642998.5_em6,combat_started,2026-04-16T08:54:02.998Z,1776329642998.5,2223,,,,,,,,,,,,,,,,,,,,,,,,,,,,,
session_1776329640775.5_azrk1c,student_w2_002,guesser,evt_1776329663896.5_vbb,spell_choice,2026-04-16T08:54:23.896Z,1776329663896.5,23121,,,science,3,,,,,,,,,,,,,,,,,,,,,,,,,
session_1776329640775.5_azrk1c,student_w2_002,guesser,evt_1776329672649_gmi,question_answered,2026-04-16T08:54:32.649Z,1776329672649,31873.5,,s42,science,3,false,8730,,,,,,,,,,,,,,,,,,,,,,,
session_1776329640775.5_azrk1c,student_w2_002,guesser,evt_1776329693848.5_2ly,defend_action,2026-04-16T08:54:53.848Z,1776329693848.5,53073,,,,,,,,,,,,,,,,,,,,,,,,,,,,,
session_1776329640775.5_azrk1c,student_w2_002,guesser,evt_1776329708830.5_thz,defend_action,2026-04-16T08:55:08.830Z,1776329708830.5,68055,,,,,,,,,,,,,,,,,,,,,,,,,,,,,
session_1776329640775.5_azrk1c,student_w2_002,guesser,evt_1776329733147_lb9,spell_choice,2026-04-16T08:55:33.147Z,1776329733147,92371.5,,,math,1,,,,,,,,,,,,,,,,,,,,,,,,,
session_1776329640775.5_azrk1c,student_w2_002,guesser,evt_1776329747310_qlz,question_answered,2026-04-16T08:55:47.310Z,1776329747310,106534.5,,m3,math,1,false,14151,,,,,,,,,,,,,,,,,,,,,,,
session_1776329640775.5_azrk1c,student_w2_002,guesser,evt_1776329781153_268,spell_choice,2026-04-16T08:56:21.153Z,1776329781153,140377.5,,,math,1,,,,,,,,,,,,,,,,,,,,,,,,,
session_1776329640775.5_azrk1c,student_w2_002,guesser,evt_1776329793531_4a2,question_answered,2026-04-16T08:56:33.531Z,1776329793531,152755.5,,m10,math,1,false,12367.5,,,,,,,,,,,,,,,,,,,,,,,
session_1776329640775.5_azrk1c,student_w2_002,guesser,evt_1776329818630.5_jxs,defend_action,2026-04-16T08:56:58.630Z,1776329818630.5,177855,,,,,,,,,,,,,,,,,,,,,,,,,,,,,
session_1776329942908.5_27r13l,student_w1_003,guesser,evt_1776329942992.5_3nb,chapter_entered,2026-04-16T08:59:02.992Z,1776329942992.5,82.5,,,,,,,,,,,,,,,,,,,,,,,,,,,,,
session_1776329942908.5_27r13l,student_w1_003,guesser,evt_1776329948868_5wn,combat_started,2026-04-16T08:59:08.868Z,1776329948868,5958,,,,,,,,,,,,,,,,,,,,,,,,,,,,,
session_1776329962906.5_aqxavl,student_w2_003,risk_taker,evt_1776329962914_wy9,chapter_entered,2026-04-16T08:59:22.914Z,1776329962914,7.5,,,,,,,,,,,,,,,,,,,,,,,,,,,,,
session_1776329962906.5_aqxavl,student_w2_003,risk_taker,evt_1776329965873.5_1ik,combat_started,2026-04-16T08:59:25.873Z,1776329965873.5,2967,,,,,,,,,,,,,,,,,,,,,,,,,,,,,
session_1776330250083_68dy90,student_w1_004,risk_taker,evt_1776330250092_xdj,chapter_entered,2026-04-16T09:04:10.092Z,1776330250092,9,,,,,,,,,,,,,,,,,,,,,,,,,,,,,
session_1776330250083_68dy90,student_w1_004,risk_taker,evt_1776330251694_mbn,combat_started,2026-04-16T09:04:11.694Z,1776330251694,1611,,,,,,,,,,,,,,,,,,,,,,,,,,,,,
session_1776330250083_68dy90,student_w1_004,risk_taker,evt_1776330257542.5_g20,defend_action,2026-04-16T09:04:17.542Z,1776330257542.5,7459.5,,,,,,,,,,,,,,,,,,,,,,,,,,,,,
session_1776330271614_c2f0il,student_w2_004,strong_student,evt_1776330271626_hm0,chapter_entered,2026-04-16T09:04:31.626Z,1776330271626,12,,,,,,,,,,,,,,,,,,,,,,,,,,,,,
session_1776330271614_c2f0il,student_w2_004,strong_student,evt_1776330273742.5_h4c,combat_started,2026-04-16T09:04:33.744Z,1776330273744,2130,,,,,,,,,,,,,,,,,,,,,,,,,,,,,
session_1776330564652.5_jo3609,student_w1_005,average_student,evt_1776330564694.5_3a9,chapter_entered,2026-04-16T09:09:24.694Z,1776330564694.5,42,,,,,,,,,,,,,,,,,,,,,,,,,,,,,
session_1776330564652.5_jo3609,student_w1_005,average_student,evt_1776330566241_mpw,combat_started,2026-04-16T09:09:26.241Z,1776330566241,1588.5,,,,,,,,,,,,,,,,,,,,,,,,,,,,,
session_1776330564652.5_jo3609,student_w1_005,average_student,evt_1776330579369_74h,spell_choice,2026-04-16T09:09:39.369Z,1776330579369,14716.5,,,math,3,,,,,,,,,,,,,,,,,,,,,,,,,
session_1776330564652.5_jo3609,student_w1_005,average_student,evt_1776330591682.5_31w,question_answered,2026-04-16T09:09:51.682Z,1776330591682.5,27030,,m40,math,3,false,12297,,,,,,,,,,,,,,,,,,,,,,,
session_1776330578829_n1wqs9,student_w2_005,strong_student,evt_1776330578847_4fw,chapter_entered,2026-04-16T09:09:38.847Z,1776330578847,18,,,,,,,,,,,,,,,,,,,,,,,,,,,,,
session_1776330578829_n1wqs9,student_w2_005,strong_student,evt_1776330580168.5_3wz,combat_started,2026-04-16T09:09:40.170Z,1776330580170,1341,,,,,,,,,,,,,,,,,,,,,,,,,,,,,
session_1776330883302_kbccnr,student_w2_006,guesser,evt_1776330883311_fqv,chapter_entered,2026-04-16T09:14:43.311Z,1776330883311,9,,,,,,,,,,,,,,,,,,,,,,,,,,,,,
session_1776330883302_kbccnr,student_w2_006,guesser,evt_1776330885628.5_jvv,combat_started,2026-04-16T09:14:45.628Z,1776330885628.5,2326.5,,,,,,,,,,,,,,,,,,,,,,,,,,,,,
session_1776330883302_kbccnr,student_w2_006,guesser,evt_1776330907680_ycc,spell_choice,2026-04-16T09:15:07.680Z,1776330907680,24378,,,math,3,,,,,,,,,,,,,,,,,,,,,,,,,
session_1776330883302_kbccnr,student_w2_006,guesser,evt_1776330917881.5_iuh,question_answered,2026-04-16T09:15:17.881Z,1776330917881.5,34579.5,,m45,math,3,true,10141.5,,,,,,,,,,,,,,,,,,,,,,,
session_1776330883302_kbccnr,student_w2_006,guesser,evt_1776330928459.5_urp,timing_cast,2026-04-16T09:15:28.459Z,1776330928459.5,45157.5,,,,,,,,,,,,,,,,,,,,,,,,,,,,,
session_1776330875904_86vm6g,student_w1_006,strong_student,evt_1776330875917.5_9u6,chapter_entered,2026-04-16T09:14:35.919Z,1776330875919,13.5,,,,,,,,,,,,,,,,,,,,,,,,,,,,,
session_1776330875904_86vm6g,student_w1_006,strong_student,evt_1776330879744_4dy,combat_started,2026-04-16T09:14:39.745Z,1776330879745.5,3840,,,,,,,,,,,,,,,,,,,,,,,,,,,,,
session_1776331191930_cc0bah,student_w2_007,struggling_student,evt_1776331191942_ktg,chapter_entered,2026-04-16T09:19:51.942Z,1776331191942,10.5,,,,,,,,,,,,,,,,,,,,,,,,,,,,,
session_1776331191930_cc0bah,student_w2_007,struggling_student,evt_1776331192639.5_l14,combat_started,2026-04-16T09:19:52.641Z,1776331192641,709.5,,,,,,,,,,,,,,,,,,,,,,,,,,,,,
session_1776331191930_cc0bah,student_w2_007,struggling_student,evt_1776331209402_yq9,spell_choice,2026-04-16T09:20:09.402Z,1776331209402,17470.5,,,math,3,,,,,,,,,,,,,,,,,,,,,,,,,
session_1776331191930_cc0bah,student_w2_007,struggling_student,evt_1776331221607.5_jh3,question_answered,2026-04-16T09:20:21.615Z,1776331221615,29683.5,,m37,math,3,false,12133.5,,,,,,,,,,,,,,,,,,,,,,,
session_1776331197916.5_laq4je,student_w1_007,struggling_student,evt_1776331197925.5_700,chapter_entered,2026-04-16T09:19:57.925Z,1776331197925.5,9,,,,,,,,,,,,,,,,,,,,,,,,,,,,,
session_1776331197916.5_laq4je,student_w1_007,struggling_student,evt_1776331199638.5_fl6,combat_started,2026-04-16T09:19:59.638Z,1776331199638.5,1722,,,,,,,,,,,,,,,,,,,,,,,,,,,,,
session_1776331497202.5_we3453,student_w2_008,risk_taker,evt_1776331497276_vl4,chapter_entered,2026-04-16T09:24:57.276Z,1776331497276,72,,,,,,,,,,,,,,,,,,,,,,,,,,,,,
session_1776331497202.5_we3453,student_w2_008,risk_taker,evt_1776331498981.5_fwj,combat_started,2026-04-16T09:24:58.981Z,1776331498981.5,1777.5,,,,,,,,,,,,,,,,,,,,,,,,,,,,,
session_1776331523377.5_zc04o2,student_w1_008,methodical,evt_1776331523424_hsj,chapter_entered,2026-04-16T09:25:23.425Z,1776331523425.5,46.5,,,,,,,,,,,,,,,,,,,,,,,,,,,,,
session_1776331523377.5_zc04o2,student_w1_008,methodical,evt_1776331525434_xup,combat_started,2026-04-16T09:25:25.434Z,1776331525434,2055,,,,,,,,,,,,,,,,,,,,,,,,,,,,,
session_1776331803865.5_c7i9uj,student_w2_009,average_student,evt_1776331803874.5_cyy,chapter_entered,2026-04-16T09:30:03.874Z,1776331803874.5,9,,,,,,,,,,,,,,,,,,,,,,,,,,,,,
session_1776331803865.5_c7i9uj,student_w2_009,average_student,evt_1776331805187_mar,combat_started,2026-04-16T09:30:05.187Z,1776331805187,1321.5,,,,,,,,,,,,,,,,,,,,,,,,,,,,,
session_1776331803865.5_c7i9uj,student_w2_009,average_student,evt_1776331825870.5_lo5,spell_choice,2026-04-16T09:30:25.870Z,1776331825870.5,22005,,,science,3,,,,,,,,,,,,,,,,,,,,,,,,,
session_1776331803865.5_c7i9uj,student_w2_009,average_student,evt_1776331834989_tlm,question_answered,2026-04-16T09:30:34.989Z,1776331834989,31123.5,,s43,science,3,false,9106.5,,,,,,,,,,,,,,,,,,,,,,,
session_1776331803865.5_c7i9uj,student_w2_009,average_student,evt_1776331886515.5_pmh,spell_choice,2026-04-16T09:31:26.517Z,1776331886517,82651.5,,,math,1,,,,,,,,,,,,,,,,,,,,,,,,,
session_1776331803865.5_c7i9uj,student_w2_009,average_student,evt_1776331896064.5_9pf,question_answered,2026-04-16T09:31:36.064Z,1776331896064.5,92199,,m11,math,1,true,9525,,,,,,,,,,,,,,,,,,,,,,,
session_1776331803865.5_c7i9uj,student_w2_009,average_student,evt_1776331903213.5_o8v,timing_cast,2026-04-16T09:31:43.213Z,1776331903213.5,99348,,,,,,,,,,,,,,,,,,,,,,,,,,,,,
session_1776331803865.5_c7i9uj,student_w2_009,average_student,evt_1776331946686.5_o2r,spell_choice,2026-04-16T09:32:26.686Z,1776331946686.5,142821,,,math,3,,,,,,,,,,,,,,,,,,,,,,,,,
session_1776331803865.5_c7i9uj,student_w2_009,average_student,evt_1776331955139_9gt,question_answered,2026-04-16T09:32:35.139Z,1776331955139,151273.5,,m39,math,3,false,8419.5,,,,,,,,,,,,,,,,,,,,,,,
session_1776331833010.5_dhgmah,student_w1_009,strong_student,evt_1776331833036_dx2,chapter_entered,2026-04-16T09:30:33.036Z,1776331833036,25.5,,,,,,,,,,,,,,,,,,,,,,,,,,,,,
session_1776331833010.5_dhgmah,student_w1_009,strong_student,evt_1776331834323_8s8,combat_started,2026-04-16T09:30:34.323Z,1776331834323,1312.5,,,,,,,,,,,,,,,,,,,,,,,,,,,,,
session_1776331833010.5_dhgmah,student_w1_009,strong_student,evt_1776331840084.5_q89,defend_action,2026-04-16T09:30:40.084Z,1776331840084.5,7074,,,,,,,,,,,,,,,,,,,,,,,,,,,,,
session_1776331833010.5_dhgmah,student_w1_009,strong_student,evt_1776331861288.5_34s,defend_action,2026-04-16T09:31:01.288Z,1776331861288.5,28278,,,,,,,,,,,,,,,,,,,,,,,,,,,,,
session_1776332120212.5_u2c6js,student_w2_010,strong_student,evt_1776332120229_fhi,chapter_entered,2026-04-16T09:35:20.229Z,1776332120229,15,,,,,,,,,,,,,,,,,,,,,,,,,,,,,
session_1776332120212.5_u2c6js,student_w2_010,strong_student,evt_1776332122479_v9l,combat_started,2026-04-16T09:35:22.479Z,1776332122479,2265,,,,,,,,,,,,,,,,,,,,,,,,,,,,,
session_1776332120212.5_u2c6js,student_w2_010,strong_student,evt_1776332142099_clp,spell_choice,2026-04-16T09:35:42.099Z,1776332142099,21885,,,science,3,,,,,,,,,,,,,,,,,,,,,,,,,
session_1776332120212.5_u2c6js,student_w2_010,strong_student,evt_1776332152474.5_orl,question_answered,2026-04-16T09:35:52.474Z,1776332152474.5,32260.5,,s39,science,3,true,10365,,,,,,,,,,,,,,,,,,,,,,,
session_1776332120212.5_u2c6js,student_w2_010,strong_student,evt_1776332162668.5_6gj,timing_cast,2026-04-16T09:36:02.668Z,1776332162668.5,42454.5,,,,,,,,,,,,,,,,,,,,,,,,,,,,,
session_1776332120212.5_u2c6js,student_w2_010,strong_student,evt_1776332194867.5_odh,spell_choice,2026-04-16T09:36:34.867Z,1776332194867.5,74653.5,,,math,5,,,,,,,,,,,,,,,,,,,,,,,,,
session_1776332120212.5_u2c6js,student_w2_010,strong_student,evt_1776332207494.5_slh,question_answered,2026-04-16T09:36:47.494Z,1776332207494.5,87280.5,,m61,math,5,false,12618,,,,,,,,,,,,,,,,,,,,,,,
session_1776332120212.5_u2c6js,student_w2_010,strong_student,evt_1776332232457.5_4vv,defend_action,2026-04-16T09:37:12.457Z,1776332232457.5,112243.5,,,,,,,,,,,,,,,,,,,,,,,,,,,,,
session_1776332158425_o7j67e,student_w1_010,guesser,evt_1776332158437_wiy,chapter_entered,2026-04-16T09:35:58.437Z,1776332158437,10.5,,,,,,,,,,,,,,,,,,,,,,,,,,,,,
session_1776332158425_o7j67e,student_w1_010,guesser,evt_1776332159646_9e1,combat_started,2026-04-16T09:35:59.646Z,1776332159646,1219.5,,,,,,,,,,,,,,,,,,,,,,,,,,,,,
session_1776332158425_o7j67e,student_w1_010,guesser,evt_1776332180457_iq9,spell_choice,2026-04-16T09:36:20.457Z,1776332180457,22030.5,,,science,3,,,,,,,,,,,,,,,,,,,,,,,,,
session_1776332158425_o7j67e,student_w1_010,guesser,evt_1776332189032.5_b2y,question_answered,2026-04-16T09:36:29.032Z,1776332189032.5,30606,,s37,science,3,true,8530.5,,,,,,,,,,,,,,,,,,,,,,,
session_1776332158425_o7j67e,student_w1_010,guesser,evt_1776332197978.5_rw7,timing_cast,2026-04-16T09:36:37.978Z,1776332197978.5,39552,,,,,,,,,,,,,,,,,,,,,,,,,,,,,
session_1776332429187_66huag,student_w2_011,methodical,evt_1776332429217_h49,chapter_entered,2026-04-16T09:40:29.218Z,1776332429218.5,30,,,,,,,,,,,,,,,,,,,,,,,,,,,,,
session_1776332429187_66huag,student_w2_011,methodical,evt_1776332433972_8z0,combat_started,2026-04-16T09:40:33.972Z,1776332433972,4783.5,,,,,,,,,,,,,,,,,,,,,,,,,,,,,
session_1776332429187_66huag,student_w2_011,methodical,evt_1776332452317_lvz,spell_choice,2026-04-16T09:40:52.317Z,1776332452317,23128.5,,,math,3,,,,,,,,,,,,,,,,,,,,,,,,,
session_1776332429187_66huag,student_w2_011,methodical,evt_1776332464851_e01,question_answered,2026-04-16T09:41:04.851Z,1776332464851,35662.5,,m44,math,3,true,12507,,,,,,,,,,,,,,,,,,,,,,,
session_1776332429187_66huag,student_w2_011,methodical,evt_1776332474656.5_5mz,timing_cast,2026-04-16T09:41:14.656Z,1776332474656.5,45468,,,,,,,,,,,,,,,,,,,,,,,,,,,,,
session_1776332482749_8mxic1,student_w1_011,risk_taker,evt_1776332482768.5_ky8,chapter_entered,2026-04-16T09:41:22.768Z,1776332482768.5,19.5,,,,,,,,,,,,,,,,,,,,,,,,,,,,,
session_1776332482749_8mxic1,student_w1_011,risk_taker,evt_1776332483698.5_uuf,combat_started,2026-04-16T09:41:23.698Z,1776332483698.5,949.5,,,,,,,,,,,,,,,,,,,,,,,,,,,,,
session_1776332482749_8mxic1,student_w1_011,risk_taker,evt_1776332504179.5_nov,spell_choice,2026-04-16T09:41:44.179Z,1776332504179.5,21430.5,,,math,3,,,,,,,,,,,,,,,,,,,,,,,,,
session_1776332482749_8mxic1,student_w1_011,risk_taker,evt_1776332513848.5_pqe,question_answered,2026-04-16T09:41:53.848Z,1776332513848.5,31099.5,,m43,math,3,true,9511.5,,,,,,,,,,,,,,,,,,,,,,,
session_1776332482749_8mxic1,student_w1_011,risk_taker,evt_1776332522853_cvv,timing_cast,2026-04-16T09:42:02.853Z,1776332522853,40104,,,,,,,,,,,,,,,,,,,,,,,,,,,,,
session_1776332482749_8mxic1,student_w1_011,risk_taker,evt_1776332549715_zap,defend_action,2026-04-16T09:42:29.715Z,1776332549715,66966,,,,,,,,,,,,,,,,,,,,,,,,,,,,,
session_1776332482749_8mxic1,student_w1_011,risk_taker,evt_1776332577145.5_af0,spell_choice,2026-04-16T09:42:57.145Z,1776332577145.5,94396.5,,,science,5,,,,,,,,,,,,,,,,,,,,,,,,,
session_1776332482749_8mxic1,student_w1_011,risk_taker,evt_1776332584272_ucv,question_answered,2026-04-16T09:43:04.272Z,1776332584272,101523,,s71,science,5,false,7116,,,,,,,,,,,,,,,,,,,,,,,
session_1776332736918_lvb7q8,student_w2_012,guesser,evt_1776332736927_bww,chapter_entered,2026-04-16T09:45:36.927Z,1776332736927,9,,,,,,,,,,,,,,,,,,,,,,,,,,,,,
session_1776332736918_lvb7q8,student_w2_012,guesser,evt_1776332738116.5_u8j,combat_started,2026-04-16T09:45:38.116Z,1776332738116.5,1198.5,,,,,,,,,,,,,,,,,,,,,,,,,,,,,
session_1776332736918_lvb7q8,student_w2_012,guesser,evt_1776332751325.5_hxt,spell_choice,2026-04-16T09:45:51.325Z,1776332751325.5,14407.5,,,math,3,,,,,,,,,,,,,,,,,,,,,,,,,
session_1776332736918_lvb7q8,student_w2_012,guesser,evt_1776332763921_xgf,question_answered,2026-04-16T09:46:03.922Z,1776332763922.5,27004.5,,m32,math,3,false,12585,,,,,,,,,,,,,,,,,,,,,,,
session_1776332809515_sfp7kf,student_w1_012,methodical,evt_1776332809564.5_7hk,chapter_entered,2026-04-16T09:46:49.564Z,1776332809564.5,48,,,,,,,,,,,,,,,,,,,,,,,,,,,,,
session_1776332809515_sfp7kf,student_w1_012,methodical,evt_1776332810917.5_gz4,combat_started,2026-04-16T09:46:50.917Z,1776332810917.5,1401,,,,,,,,,,,,,,,,,,,,,,,,,,,,,
session_1776333042844.5_0w3l60,student_w2_013,struggling_student,evt_1776333042852_3o2,chapter_entered,2026-04-16T09:50:42.853Z,1776333042853.5,9,,,,,,,,,,,,,,,,,,,,,,,,,,,,,
session_1776333042844.5_0w3l60,student_w2_013,struggling_student,evt_1776333044659.5_hp2,combat_started,2026-04-16T09:50:44.659Z,1776333044659.5,1815,,,,,,,,,,,,,,,,,,,,,,,,,,,,,
session_1776333115281_axyti8,student_w1_013,struggling_student,evt_1776333115288.5_p1z,chapter_entered,2026-04-16T09:51:55.288Z,1776333115288.5,7.5,,,,,,,,,,,,,,,,,,,,,,,,,,,,,
session_1776333115281_axyti8,student_w1_013,struggling_student,evt_1776333116229_f91,combat_started,2026-04-16T09:51:56.230Z,1776333116230.5,949.5,,,,,,,,,,,,,,,,,,,,,,,,,,,,,
session_1776333115281_axyti8,student_w1_013,struggling_student,evt_1776333129412.5_rv8,spell_choice,2026-04-16T09:52:09.412Z,1776333129412.5,14131.5,,,math,3,,,,,,,,,,,,,,,,,,,,,,,,,
session_1776333115281_axyti8,student_w1_013,struggling_student,evt_1776333142699.5_w35,question_answered,2026-04-16T09:52:22.699Z,1776333142699.5,27418.5,,m36,math,3,false,13273.5,,,,,,,,,,,,,,,,,,,,,,,
session_1776333115281_axyti8,student_w1_013,struggling_student,evt_1776333168054_84a,defend_action,2026-04-16T09:52:48.054Z,1776333168054,52773,,,,,,,,,,,,,,,,,,,,,,,,,,,,,
session_1776333115281_axyti8,student_w1_013,struggling_student,evt_1776333195090_c7r,spell_choice,2026-04-16T09:53:15.090Z,1776333195090,79809,,,science,1,,,,,,,,,,,,,,,,,,,,,,,,,
session_1776333115281_axyti8,student_w1_013,struggling_student,evt_1776333208692_459,question_answered,2026-04-16T09:53:28.692Z,1776333208692,93411,,s11,science,1,true,13591.5,,,,,,,,,,,,,,,,,,,,,,,
session_1776333115281_axyti8,student_w1_013,struggling_student,evt_1776333218169_shh,timing_cast,2026-04-16T09:53:38.169Z,1776333218169,102888,,,,,,,,,,,,,,,,,,,,,,,,,,,,,
session_1776333361099.5_dlajs5,student_w2_014,guesser,evt_1776333361150.5_q9s,chapter_entered,2026-04-16T09:56:01.150Z,1776333361150.5,51,,,,,,,,,,,,,,,,,,,,,,,,,,,,,
session_1776333361099.5_dlajs5,student_w2_014,guesser,evt_1776333362335.5_0y2,combat_started,2026-04-16T09:56:02.337Z,1776333362337,1237.5,,,,,,,,,,,,,,,,,,,,,,,,,,,,,
session_1776333361099.5_dlajs5,student_w2_014,guesser,evt_1776333383146.5_r1q,spell_choice,2026-04-16T09:56:23.146Z,1776333383146.5,22047,,,science,3,,,,,,,,,,,,,,,,,,,,,,,,,
session_1776333361099.5_dlajs5,student_w2_014,guesser,evt_1776333393189_mgm,question_answered,2026-04-16T09:56:33.189Z,1776333393189,32089.5,,s41,science,3,true,10035,,,,,,,,,,,,,,,,,,,,,,,
session_1776333361099.5_dlajs5,student_w2_014,guesser,evt_1776333402603_20l,timing_cast,2026-04-16T09:56:42.603Z,1776333402603,41503.5,,,,,,,,,,,,,,,,,,,,,,,,,,,,,
session_1776333361099.5_dlajs5,student_w2_014,guesser,evt_1776333413161.5_t7o,defend_action,2026-04-16T09:56:53.161Z,1776333413161.5,52062,,,,,,,,,,,,,,,,,,,,,,,,,,,,,
session_1776333361099.5_dlajs5,student_w2_014,guesser,evt_1776333442834.5_pqr,spell_choice,2026-04-16T09:57:22.834Z,1776333442834.5,81735,,,science,5,,,,,,,,,,,,,,,,,,,,,,,,,
session_1776333361099.5_dlajs5,student_w2_014,guesser,evt_1776333450751.5_o9m,question_answered,2026-04-16T09:57:30.751Z,1776333450751.5,89652,,s73,science,5,true,7908,,,,,,,,,,,,,,,,,,,,,,,
session_1776333361099.5_dlajs5,student_w2_014,guesser,evt_1776333459586.5_nhv,timing_cast,2026-04-16T09:57:39.586Z,1776333459586.5,98487,,,,,,,,,,,,,,,,,,,,,,,,,,,,,
session_1776333361099.5_dlajs5,student_w2_014,guesser,evt_1776333470982_zg1,defend_action,2026-04-16T09:57:50.982Z,1776333470982,109882.5,,,,,,,,,,,,,,,,,,,,,,,,,,,,,
session_1776333361099.5_dlajs5,student_w2_014,guesser,evt_1776333500757_kyg,spell_choice,2026-04-16T09:58:20.757Z,1776333500757,139657.5,,,science,5,,,,,,,,,,,,,,,,,,,,,,,,,
session_1776333361099.5_dlajs5,student_w2_014,guesser,evt_1776333512443.5_uqa,question_answered,2026-04-16T09:58:32.443Z,1776333512443.5,151344,,s63,science,5,false,11667,,,,,,,,,,,,,,,,,,,,,,,
session_1776333439365_x1tw9g,student_w1_014,strong_student,evt_1776333439384.5_kc9,chapter_entered,2026-04-16T09:57:19.384Z,1776333439384.5,19.5,,,,,,,,,,,,,,,,,,,,,,,,,,,,,
session_1776333439365_x1tw9g,student_w1_014,strong_student,evt_1776333440146.5_ugb,combat_started,2026-04-16T09:57:20.146Z,1776333440146.5,781.5,,,,,,,,,,,,,,,,,,,,,,,,,,,,,
session_1776333439365_x1tw9g,student_w1_014,strong_student,evt_1776333446472_zdp,defend_action,2026-04-16T09:57:26.472Z,1776333446472,7107,,,,,,,,,,,,,,,,,,,,,,,,,,,,,
session_1776333674632.5_p07kv6,student_w2_015,guesser,evt_1776333674640_ljx,chapter_entered,2026-04-16T10:01:14.640Z,1776333674640,7.5,,,,,,,,,,,,,,,,,,,,,,,,,,,,,
session_1776333674632.5_p07kv6,student_w2_015,guesser,evt_1776333677502_goe,combat_started,2026-04-16T10:01:17.502Z,1776333677502,2869.5,,,,,,,,,,,,,,,,,,,,,,,,,,,,,
session_1776333674632.5_p07kv6,student_w2_015,guesser,evt_1776333689116.5_mr4,spell_choice,2026-04-16T10:01:29.116Z,1776333689116.5,14484,,,math,3,,,,,,,,,,,,,,,,,,,,,,,,,
session_1776333674632.5_p07kv6,student_w2_015,guesser,evt_1776333703137_g6b,question_answered,2026-04-16T10:01:43.137Z,1776333703137,28504.5,,m31,math,3,false,14013,,,,,,,,,,,,,,,,,,,,,,,
session_1776333750721.5_ofzzmb,student_w1_015,guesser,evt_1776333750729_p4k,chapter_entered,2026-04-16T10:02:30.729Z,1776333750729,7.5,,,,,,,,,,,,,,,,,,,,,,,,,,,,,
session_1776333750721.5_ofzzmb,student_w1_015,guesser,evt_1776333752368.5_ivr,combat_started,2026-04-16T10:02:32.368Z,1776333752368.5,1647,,,,,,,,,,,,,,,,,,,,,,,,,,,,,
session_1776333992857.5_ndnnsi,student_w2_016,average_student,evt_1776333992887.5_dxa,chapter_entered,2026-04-16T10:06:32.887Z,1776333992887.5,28.5,,,,,,,,,,,,,,,,,,,,,,,,,,,,,
session_1776333992857.5_ndnnsi,student_w2_016,average_student,evt_1776333994888.5_76a,combat_started,2026-04-16T10:06:34.888Z,1776333994888.5,2029.5,,,,,,,,,,,,,,,,,,,,,,,,,,,,,
session_1776334075446_63b3mk,student_w1_016,average_student,evt_1776334075452_k6m,chapter_entered,2026-04-16T10:07:55.452Z,1776334075452,6,,,,,,,,,,,,,,,,,,,,,,,,,,,,,
session_1776334075446_63b3mk,student_w1_016,average_student,evt_1776334078074_gm7,combat_started,2026-04-16T10:07:58.074Z,1776334078074,2628,,,,,,,,,,,,,,,,,,,,,,,,,,,,,
session_1776334075446_63b3mk,student_w1_016,average_student,evt_1776334091260.5_38j,spell_choice,2026-04-16T10:08:11.260Z,1776334091260.5,15814.5,,,math,3,,,,,,,,,,,,,,,,,,,,,,,,,
session_1776334075446_63b3mk,student_w1_016,average_student,evt_1776334104543_nhs,question_answered,2026-04-16T10:08:24.543Z,1776334104543,29097,,m35,math,3,false,13276.5,,,,,,,,,,,,,,,,,,,,,,,
session_1776334307719.5_spdrib,student_w2_017,guesser,evt_1776334307748_eyp,chapter_entered,2026-04-16T10:11:47.748Z,1776334307748,28.5,,,,,,,,,,,,,,,,,,,,,,,,,,,,,
session_1776334307719.5_spdrib,student_w2_017,guesser,evt_1776334309474.5_5vg,combat_started,2026-04-16T10:11:49.474Z,1776334309474.5,1755,,,,,,,,,,,,,,,,,,,,,,,,,,,,,
session_1776334307719.5_spdrib,student_w2_017,guesser,evt_1776334317315_ql2,defend_action,2026-04-16T10:11:57.315Z,1776334317315,9595.5,,,,,,,,,,,,,,,,,,,,,,,,,,,,,
session_1776334387167_a5cpc5,student_w1_017,guesser,evt_1776334387195.5_7uw,chapter_entered,2026-04-16T10:13:07.195Z,1776334387195.5,27,,,,,,,,,,,,,,,,,,,,,,,,,,,,,
session_1776334387167_a5cpc5,student_w1_017,guesser,evt_1776334390873.5_4rb,combat_started,2026-04-16T10:13:10.873Z,1776334390873.5,3705,,,,,,,,,,,,,,,,,,,,,,,,,,,,,
session_1776334613302.5_ucjbow,student_w2_018,risk_taker,evt_1776334613370_7qp,chapter_entered,2026-04-16T10:16:53.370Z,1776334613370,67.5,,,,,,,,,,,,,,,,,,,,,,,,,,,,,
session_1776334613302.5_ucjbow,student_w2_018,risk_taker,evt_1776334616088_c8f,combat_started,2026-04-16T10:16:56.088Z,1776334616088,2785.5,,,,,,,,,,,,,,,,,,,,,,,,,,,,,
session_1776334613302.5_ucjbow,student_w2_018,risk_taker,evt_1776334628089.5_t42,spell_choice,2026-04-16T10:17:08.089Z,1776334628089.5,14787,,,math,3,,,,,,,,,,,,,,,,,,,,,,,,,
session_1776334613302.5_ucjbow,student_w2_018,risk_taker,evt_1776334641729_ly2,question_answered,2026-04-16T10:17:21.729Z,1776334641729,28426.5,,m36,math,3,false,13632,,,,,,,,,,,,,,,,,,,,,,,
session_1776334613302.5_ucjbow,student_w2_018,risk_taker,evt_1776334686025.5_21l,spell_choice,2026-04-16T10:18:06.025Z,1776334686025.5,72723,,,math,1,,,,,,,,,,,,,,,,,,,,,,,,,
session_1776334613302.5_ucjbow,student_w2_018,risk_taker,evt_1776334700328_5by,question_answered,2026-04-16T10:18:20.328Z,1776334700328,87025.5,,m4,math,1,false,14283,,,,,,,,,,,,,,,,,,,,,,,
session_1776334613302.5_ucjbow,student_w2_018,risk_taker,evt_1776334738303.5_87b,spell_choice,2026-04-16T10:18:58.303Z,1776334738303.5,125001,,,math,1,,,,,,,,,,,,,,,,,,,,,,,,,
session_1776334613302.5_ucjbow,student_w2_018,risk_taker,evt_1776334751038.5_c53,question_answered,2026-04-16T10:19:11.038Z,1776334751038.5,137736,,m11,math,1,true,12721.5,,,,,,,,,,,,,,,,,,,,,,,
session_1776334613302.5_ucjbow,student_w2_018,risk_taker,evt_1776334762912.5_6hz,timing_cast,2026-04-16T10:19:22.912Z,1776334762912.5,149610,,,,,,,,,,,,,,,,,,,,,,,,,,,,,
session_1776334712130_6812ie,student_w1_018,struggling_student,evt_1776334712151_qdq,chapter_entered,2026-04-16T10:18:32.151Z,1776334712151,21,,,,,,,,,,,,,,,,,,,,,,,,,,,,,
session_1776334712130_6812ie,student_w1_018,struggling_student,evt_1776334714578_e99,combat_started,2026-04-16T10:18:34.578Z,1776334714578,2448,,,,,,,,,,,,,,,,,,,,,,,,,,,,,
session_1776334712130_6812ie,student_w1_018,struggling_student,evt_1776334720896_v47,defend_action,2026-04-16T10:18:40.896Z,1776334720896,8766,,,,,,,,,,,,,,,,,,,,,,,,,,,,,
session_1776334712130_6812ie,student_w1_018,struggling_student,evt_1776334749045_xif,spell_choice,2026-04-16T10:19:09.045Z,1776334749045,36915,,,science,3,,,,,,,,,,,,,,,,,,,,,,,,,
session_1776334712130_6812ie,student_w1_018,struggling_student,evt_1776334764505.5_r7z,question_answered,2026-04-16T10:19:24.505Z,1776334764505.5,52375.5,,s31,science,3,false,15420,,,,,,,,,,,,,,,,,,,,,,,
session_1776334712130_6812ie,student_w1_018,struggling_student,evt_1776334791883.5_jwv,spell_choice,2026-04-16T10:19:51.883Z,1776334791883.5,79753.5,,,math,1,,,,,,,,,,,,,,,,,,,,,,,,,
session_1776334712130_6812ie,student_w1_018,struggling_student,evt_1776334805494.5_18w,question_answered,2026-04-16T10:20:05.494Z,1776334805494.5,93364.5,,m4,math,1,true,13573.5,,,,,,,,,,,,,,,,,,,,,,,
session_1776334712130_6812ie,student_w1_018,struggling_student,evt_1776334815948_w9x,timing_cast,2026-04-16T10:20:15.948Z,1776334815948,103818,,,,,,,,,,,,,,,,,,,,,,,,,,,,,
session_1776334712130_6812ie,student_w1_018,struggling_student,evt_1776334854703.5_u3x,spell_choice,2026-04-16T10:20:54.703Z,1776334854703.5,142573.5,,,science,3,,,,,,,,,,,,,,,,,,,,,,,,,
session_1776334712130_6812ie,student_w1_018,struggling_student,evt_1776334867392_uhq,question_answered,2026-04-16T10:21:07.392Z,1776334867392,155262,,s37,science,3,false,12672,,,,,,,,,,,,,,,,,,,,,,,
session_1776334712130_6812ie,student_w1_018,struggling_student,evt_1776334894765.5_fiz,spell_choice,2026-04-16T10:21:34.767Z,1776334894767,182637,,,science,2,,,,,,,,,,,,,,,,,,,,,,,,,
session_1776334712130_6812ie,student_w1_018,struggling_student,evt_1776334907088_skw,question_answered,2026-04-16T10:21:47.088Z,1776334907088,194958,,s27,science,2,false,12186,,,,,,,,,,,,,,,,,,,,,,,
session_1776334712130_6812ie,student_w1_018,struggling_student,evt_1776334929015_wa3,spell_choice,2026-04-16T10:22:09.016Z,1776334929016.5,216886.5,,,math,1,,,,,,,,,,,,,,,,,,,,,,,,,
session_1776334712130_6812ie,student_w1_018,struggling_student,evt_1776334942131_hwj,question_answered,2026-04-16T10:22:22.131Z,1776334942131,230001,,m12,math,1,false,13098,,,,,,,,,,,,,,,,,,,,,,,
session_1776334923570_lc337n,student_w2_019,strong_student,evt_1776334923580.5_2gt,chapter_entered,2026-04-16T10:22:03.580Z,1776334923580.5,10.5,,,,,,,,,,,,,,,,,,,,,,,,,,,,,
session_1776334923570_lc337n,student_w2_019,strong_student,evt_1776334925136_465,combat_started,2026-04-16T10:22:05.136Z,1776334925136,1566,,,,,,,,,,,,,,,,,,,,,,,,,,,,,
session_1776334923570_lc337n,student_w2_019,strong_student,evt_1776334939594.5_tj6,spell_choice,2026-04-16T10:22:19.594Z,1776334939594.5,16024.5,,,math,3,,,,,,,,,,,,,,,,,,,,,,,,,
session_1776334923570_lc337n,student_w2_019,strong_student,evt_1776334953817.5_bu8,question_answered,2026-04-16T10:22:33.817Z,1776334953817.5,30247.5,,m41,math,3,false,14212.5,,,,,,,,,,,,,,,,,,,,,,,
session_1776334923570_lc337n,student_w2_019,strong_student,evt_1776334974921_ayb,spell_choice,2026-04-16T10:22:54.921Z,1776334974921,51351,,,math,1,,,,,,,,,,,,,,,,,,,,,,,,,
session_1776334923570_lc337n,student_w2_019,strong_student,evt_1776334988323.5_saq,question_answered,2026-04-16T10:23:08.323Z,1776334988323.5,64753.5,,m6,math,1,false,13383,,,,,,,,,,,,,,,,,,,,,,,
session_1776334923570_lc337n,student_w2_019,strong_student,evt_1776335012908.5_1w9,defend_action,2026-04-16T10:23:32.908Z,1776335012908.5,89338.5,,,,,,,,,,,,,,,,,,,,,,,,,,,,,
session_1776334923570_lc337n,student_w2_019,strong_student,evt_1776335024797.5_5pv,defend_action,2026-04-16T10:23:44.797Z,1776335024797.5,101227.5,,,,,,,,,,,,,,,,,,,,,,,,,,,,,
session_1776334923570_lc337n,student_w2_019,strong_student,evt_1776335037693_k3n,defend_action,2026-04-16T10:23:57.693Z,1776335037693,114123,,,,,,,,,,,,,,,,,,,,,,,,,,,,,
session_1776334923570_lc337n,student_w2_019,strong_student,evt_1776335044107_qox,combat_ended,2026-04-16T10:24:04.107Z,1776335044107,120537,,,,,,,,,,,,,,,,,,,,,,,,,,,,,
session_1776335035834.5_3dwlkn,student_w1_019,struggling_student,evt_1776335035851_0vg,chapter_entered,2026-04-16T10:23:55.851Z,1776335035851,16.5,,,,,,,,,,,,,,,,,,,,,,,,,,,,,
session_1776335035834.5_3dwlkn,student_w1_019,struggling_student,evt_1776335037384_rc0,combat_started,2026-04-16T10:23:57.384Z,1776335037384,1549.5,,,,,,,,,,,,,,,,,,,,,,,,,,,,,
session_1776335035834.5_3dwlkn,student_w1_019,struggling_student,evt_1776335050956_dur,spell_choice,2026-04-16T10:24:10.956Z,1776335050956,15121.5,,,math,3,,,,,,,,,,,,,,,,,,,,,,,,,
session_1776335035834.5_3dwlkn,student_w1_019,struggling_student,evt_1776335063217_3hj,question_answered,2026-04-16T10:24:23.217Z,1776335063217,27382.5,,m37,math,3,false,12253.5,,,,,,,,,,,,,,,,,,,,,,,
session_1776335035834.5_3dwlkn,student_w1_019,struggling_student,evt_1776335072341.5_jzz,defend_action,2026-04-16T10:24:32.341Z,1776335072341.5,36507,,,,,,,,,,,,,,,,,,,,,,,,,,,,,
session_1776335035834.5_3dwlkn,student_w1_019,struggling_student,evt_1776335088271.5_k0w,defend_action,2026-04-16T10:24:48.271Z,1776335088271.5,52437,,,,,,,,,,,,,,,,,,,,,,,,,,,,,
session_1776335228268_pn6rjn,student_w2_020,risk_taker,evt_1776335228281.5_hhm,chapter_entered,2026-04-16T10:27:08.281Z,1776335228281.5,13.5,,,,,,,,,,,,,,,,,,,,,,,,,,,,,
session_1776335228268_pn6rjn,student_w2_020,risk_taker,evt_1776335229331.5_2or,combat_started,2026-04-16T10:27:09.331Z,1776335229331.5,1063.5,,,,,,,,,,,,,,,,,,,,,,,,,,,,,
session_1776335228268_pn6rjn,student_w2_020,risk_taker,evt_1776335252955_n8b,spell_choice,2026-04-16T10:27:32.955Z,1776335252955,24687,,,math,3,,,,,,,,,,,,,,,,,,,,,,,,,
session_1776335228268_pn6rjn,student_w2_020,risk_taker,evt_1776335262073.5_xbb,question_answered,2026-04-16T10:27:42.073Z,1776335262073.5,33805.5,,m37,math,3,true,9108,,,,,,,,,,,,,,,,,,,,,,,
session_1776335228268_pn6rjn,student_w2_020,risk_taker,evt_1776335268601.5_dzk,timing_cast,2026-04-16T10:27:48.601Z,1776335268601.5,40333.5,,,,,,,,,,,,,,,,,,,,,,,,,,,,,
session_1776335228268_pn6rjn,student_w2_020,risk_taker,evt_1776335274684_10w,defend_action,2026-04-16T10:27:54.684Z,1776335274684,46416,,,,,,,,,,,,,,,,,,,,,,,,,,,,,
session_1776335228268_pn6rjn,student_w2_020,risk_taker,evt_1776335302590_wlb,spell_choice,2026-04-16T10:28:22.590Z,1776335302590,74322,,,math,5,,,,,,,,,,,,,,,,,,,,,,,,,
session_1776335228268_pn6rjn,student_w2_020,risk_taker,evt_1776335310408_ed1,question_answered,2026-04-16T10:28:30.409Z,1776335310409.5,82141.5,,m71,math,5,false,7806,,,,,,,,,,,,,,,,,,,,,,,
session_1776335228268_pn6rjn,student_w2_020,risk_taker,evt_1776335337940.5_b75,spell_choice,2026-04-16T10:28:57.940Z,1776335337940.5,109672.5,,,science,3,,,,,,,,,,,,,,,,,,,,,,,,,
session_1776335228268_pn6rjn,student_w2_020,risk_taker,evt_1776335347312.5_ig2,question_answered,2026-04-16T10:29:07.312Z,1776335347312.5,119044.5,,s31,science,3,true,9355.5,,,,,,,,,,,,,,,,,,,,,,,
session_1776335228268_pn6rjn,student_w2_020,risk_taker,evt_1776335355504_xpl,timing_cast,2026-04-16T10:29:15.504Z,1776335355504,127236,,,,,,,,,,,,,,,,,,,,,,,,,,,,,
session_1776335340274.5_0umhu9,student_w1_020,average_student,evt_1776335340282_wfg,chapter_entered,2026-04-16T10:29:00.282Z,1776335340282,7.5,,,,,,,,,,,,,,,,,,,,,,,,,,,,,
session_1776335340274.5_0umhu9,student_w1_020,average_student,evt_1776335341999.5_ntk,combat_started,2026-04-16T10:29:01.999Z,1776335341999.5,1725,,,,,,,,,,,,,,,,,,,,,,,,,,,,,
session_1776335540131.5_8e95ck,student_w2_021,methodical,evt_1776335540173.5_vfd,chapter_entered,2026-04-16T10:32:20.175Z,1776335540175,43.5,,,,,,,,,,,,,,,,,,,,,,,,,,,,,
session_1776335540131.5_8e95ck,student_w2_021,methodical,evt_1776335541838.5_31g,combat_started,2026-04-16T10:32:21.838Z,1776335541838.5,1707,,,,,,,,,,,,,,,,,,,,,,,,,,,,,
session_1776335540131.5_8e95ck,student_w2_021,methodical,evt_1776335563210.5_lth,spell_choice,2026-04-16T10:32:43.210Z,1776335563210.5,23079,,,math,3,,,,,,,,,,,,,,,,,,,,,,,,,
session_1776335540131.5_8e95ck,student_w2_021,methodical,evt_1776335573088_nw9,question_answered,2026-04-16T10:32:53.088Z,1776335573088,32956.5,,m31,math,3,true,9873,,,,,,,,,,,,,,,,,,,,,,,
session_1776335540131.5_8e95ck,student_w2_021,methodical,evt_1776335580504_z92,timing_cast,2026-04-16T10:33:00.505Z,1776335580505.5,40374,,,,,,,,,,,,,,,,,,,,,,,,,,,,,
session_1776335540131.5_8e95ck,student_w2_021,methodical,evt_1776335606434.5_ufb,spell_choice,2026-04-16T10:33:26.434Z,1776335606434.5,66303,,,math,5,,,,,,,,,,,,,,,,,,,,,,,,,
session_1776335540131.5_8e95ck,student_w2_021,methodical,evt_1776335619156_2c3,question_answered,2026-04-16T10:33:39.156Z,1776335619156,79024.5,,m72,math,5,false,12715.5,,,,,,,,,,,,,,,,,,,,,,,
session_1776335540131.5_8e95ck,student_w2_021,methodical,evt_1776335645692.5_apb,defend_action,2026-04-16T10:34:05.694Z,1776335645694,105562.5,,,,,,,,,,,,,,,,,,,,,,,,,,,,,
session_1776335540131.5_8e95ck,student_w2_021,methodical,evt_1776335672716.5_opf,spell_choice,2026-04-16T10:34:32.716Z,1776335672716.5,132585,,,math,3,,,,,,,,,,,,,,,,,,,,,,,,,
session_1776335540131.5_8e95ck,student_w2_021,methodical,evt_1776335688283.5_cs3,question_answered,2026-04-16T10:34:48.298Z,1776335688298.5,148167,,m45,math,3,true,14661,,,,,,,,,,,,,,,,,,,,,,,
session_1776335540131.5_8e95ck,student_w2_021,methodical,evt_1776335699019_o7z,timing_cast,2026-04-16T10:34:59.019Z,1776335699019,158887.5,,,,,,,,,,,,,,,,,,,,,,,,,,,,,
session_1776335540131.5_8e95ck,student_w2_021,methodical,evt_1776335739075_4n0,spell_choice,2026-04-16T10:35:39.075Z,1776335739075,198943.5,,,science,4,,,,,,,,,,,,,,,,,,,,,,,,,
session_1776335540131.5_8e95ck,student_w2_021,methodical,evt_1776335749582.5_l98,question_answered,2026-04-16T10:35:49.582Z,1776335749582.5,209451,,s53,science,4,true,10500,,,,,,,,,,,,,,,,,,,,,,,
session_1776335540131.5_8e95ck,student_w2_021,methodical,evt_1776335756059.5_n97,timing_cast,2026-04-16T10:35:56.061Z,1776335756061,215929.5,,,,,,,,,,,,,,,,,,,,,,,,,,,,,
session_1776335657644.5_2ez06s,student_w1_021,risk_taker,evt_1776335657688_3ms,chapter_entered,2026-04-16T10:34:17.689Z,1776335657689.5,45,,,,,,,,,,,,,,,,,,,,,,,,,,,,,
session_1776335657644.5_2ez06s,student_w1_021,risk_taker,evt_1776335658531_5zx,combat_started,2026-04-16T10:34:18.531Z,1776335658531,886.5,,,,,,,,,,,,,,,,,,,,,,,,,,,,,
session_1776335657644.5_2ez06s,student_w1_021,risk_taker,evt_1776335679606_szr,spell_choice,2026-04-16T10:34:39.606Z,1776335679606,21961.5,,,science,3,,,,,,,,,,,,,,,,,,,,,,,,,
session_1776335657644.5_2ez06s,student_w1_021,risk_taker,evt_1776335692327.5_mgu,question_answered,2026-04-16T10:34:52.327Z,1776335692327.5,34683,,s41,science,3,false,12637.5,,,,,,,,,,,,,,,,,,,,,,,
session_1776335657644.5_2ez06s,student_w1_021,risk_taker,evt_1776335713188_s9e,defend_action,2026-04-16T10:35:13.189Z,1776335713189.5,55545,,,,,,,,,,,,,,,,,,,,,,,,,,,,,
session_1776335657644.5_2ez06s,student_w1_021,risk_taker,evt_1776335728356_tvu,defend_action,2026-04-16T10:35:28.356Z,1776335728356,70711.5,,,,,,,,,,,,,,,,,,,,,,,,,,,,,
session_1776335657644.5_2ez06s,student_w1_021,risk_taker,evt_1776335747374.5_8yi,spell_choice,2026-04-16T10:35:47.374Z,1776335747374.5,89730,,,math,1,,,,,,,,,,,,,,,,,,,,,,,,,
session_1776335657644.5_2ez06s,student_w1_021,risk_taker,evt_1776335760108_wde,question_answered,2026-04-16T10:36:00.108Z,1776335760108,102463.5,,m1,math,1,false,12727.5,,,,,,,,,,,,,,,,,,,,,,,
session_1776335657644.5_2ez06s,student_w1_021,risk_taker,evt_1776335793088.5_st4,spell_choice,2026-04-16T10:36:33.088Z,1776335793088.5,135444,,,math,1,,,,,,,,,,,,,,,,,,,,,,,,,
session_1776335657644.5_2ez06s,student_w1_021,risk_taker,evt_1776335809563_muv,question_answered,2026-04-16T10:36:49.566Z,1776335809566,151921.5,,m2,math,1,true,16420.5,,,,,,,,,,,,,,,,,,,,,,,
session_1776335657644.5_2ez06s,student_w1_021,risk_taker,evt_1776335826237_qz5,timing_cast,2026-04-16T10:37:06.238Z,1776335826238.5,168594,,,,,,,,,,,,,,,,,,,,,,,,,,,,,
session_1776335846898_0sby6f,student_w2_022,methodical,evt_1776335847019.5_yfb,chapter_entered,2026-04-16T10:37:27.019Z,1776335847019.5,121.5,,,,,,,,,,,,,,,,,,,,,,,,,,,,,
session_1776335846898_0sby6f,student_w2_022,methodical,evt_1776335850231_x9o,combat_started,2026-04-16T10:37:30.231Z,1776335850231,3333,,,,,,,,,,,,,,,,,,,,,,,,,,,,,
session_1776335846898_0sby6f,student_w2_022,methodical,evt_1776335871538.5_bg5,spell_choice,2026-04-16T10:37:51.540Z,1776335871540,24642,,,science,3,,,,,,,,,,,,,,,,,,,,,,,,,
session_1776335846898_0sby6f,student_w2_022,methodical,evt_1776335882034_9g2,question_answered,2026-04-16T10:38:02.034Z,1776335882034,35136,,s32,science,3,false,10477.5,,,,,,,,,,,,,,,,,,,,,,,
session_1776335972706_s1tdaa,student_w1_022,average_student,evt_1776335972736_3fo,chapter_entered,2026-04-16T10:39:32.736Z,1776335972736,30,,,,,,,,,,,,,,,,,,,,,,,,,,,,,
session_1776335972706_s1tdaa,student_w1_022,average_student,evt_1776335975014.5_d8f,combat_started,2026-04-16T10:39:35.014Z,1776335975014.5,2308.5,,,,,,,,,,,,,,,,,,,,,,,,,,,,,
session_1776335972706_s1tdaa,student_w1_022,average_student,evt_1776335988910.5_ull,spell_choice,2026-04-16T10:39:48.910Z,1776335988910.5,16204.5,,,math,3,,,,,,,,,,,,,,,,,,,,,,,,,
session_1776335972706_s1tdaa,student_w1_022,average_student,evt_1776336004062_0hv,question_answered,2026-04-16T10:40:04.062Z,1776336004062,31356,,m31,math,3,false,15045,,,,,,,,,,,,,,,,,,,,,,,
session_1776336151927.5_rmbjew,student_w2_023,guesser,evt_1776336151938_13o,chapter_entered,2026-04-16T10:42:31.938Z,1776336151938,10.5,,,,,,,,,,,,,,,,,,,,,,,,,,,,,
session_1776336151927.5_rmbjew,student_w2_023,guesser,evt_1776336154191_8ok,combat_started,2026-04-16T10:42:34.191Z,1776336154191,2263.5,,,,,,,,,,,,,,,,,,,,,,,,,,,,,
session_1776336290961_ihpzos,student_w1_023,strong_student,evt_1776336290971.5_b0q,chapter_entered,2026-04-16T10:44:50.971Z,1776336290971.5,10.5,,,,,,,,,,,,,,,,,,,,,,,,,,,,,
session_1776336290961_ihpzos,student_w1_023,strong_student,evt_1776336293092.5_wln,combat_started,2026-04-16T10:44:53.092Z,1776336293092.5,2131.5,,,,,,,,,,,,,,,,,,,,,,,,,,,,,
session_1776336475845_zsoycz,student_w2_024,methodical,evt_1776336475927.5_6gs,chapter_entered,2026-04-16T10:47:55.927Z,1776336475927.5,82.5,,,,,,,,,,,,,,,,,,,,,,,,,,,,,
session_1776336475845_zsoycz,student_w2_024,methodical,evt_1776336477499.5_q8c,combat_started,2026-04-16T10:47:57.499Z,1776336477499.5,1654.5,,,,,,,,,,,,,,,,,,,,,,,,,,,,,
session_1776336475845_zsoycz,student_w2_024,methodical,evt_1776336498945_so8,spell_choice,2026-04-16T10:48:18.948Z,1776336498948,23103,,,math,3,,,,,,,,,,,,,,,,,,,,,,,,,
session_1776336475845_zsoycz,student_w2_024,methodical,evt_1776336515466_dec,question_answered,2026-04-16T10:48:35.467Z,1776336515467.5,39622.5,,m43,math,3,true,16492.5,,,,,,,,,,,,,,,,,,,,,,,
session_1776336475845_zsoycz,student_w2_024,methodical,evt_1776336532563_dov,timing_cast,2026-04-16T10:48:52.563Z,1776336532563,56718,,,,,,,,,,,,,,,,,,,,,,,,,,,,,
session_1776336475845_zsoycz,student_w2_024,methodical,evt_1776336558121.5_kw2,spell_choice,2026-04-16T10:49:18.121Z,1776336558121.5,82276.5,,,math,5,,,,,,,,,,,,,,,,,,,,,,,,,
session_1776336475845_zsoycz,student_w2_024,methodical,evt_1776336571375.5_ph2,question_answered,2026-04-16T10:49:31.375Z,1776336571375.5,95530.5,,m71,math,5,false,13248,,,,,,,,,,,,,,,,,,,,,,,
session_1776336601147.5_eo3o8n,student_w1_024,strong_student,evt_1776336601164_fqe,chapter_entered,2026-04-16T10:50:01.164Z,1776336601164,16.5,,,,,,,,,,,,,,,,,,,,,,,,,,,,,
session_1776336601147.5_eo3o8n,student_w1_024,strong_student,evt_1776336602575.5_h5x,combat_started,2026-04-16T10:50:02.575Z,1776336602575.5,1428,,,,,,,,,,,,,,,,,,,,,,,,,,,,,
session_1776336601147.5_eo3o8n,student_w1_024,strong_student,evt_1776336624169.5_9s0,spell_choice,2026-04-16T10:50:24.169Z,1776336624169.5,23022,,,math,3,,,,,,,,,,,,,,,,,,,,,,,,,
session_1776336601147.5_eo3o8n,student_w1_024,strong_student,evt_1776336634336.5_img,question_answered,2026-04-16T10:50:34.336Z,1776336634336.5,33189,,m44,math,3,true,10159.5,,,,,,,,,,,,,,,,,,,,,,,
session_1776336601147.5_eo3o8n,student_w1_024,strong_student,evt_1776336643227_w1n,timing_cast,2026-04-16T10:50:43.227Z,1776336643227,42079.5,,,,,,,,,,,,,,,,,,,,,,,,,,,,,
session_1776336601147.5_eo3o8n,student_w1_024,strong_student,evt_1776336675100.5_qdr,spell_choice,2026-04-16T10:51:15.100Z,1776336675100.5,73953,,,math,5,,,,,,,,,,,,,,,,,,,,,,,,,
session_1776336601147.5_eo3o8n,student_w1_024,strong_student,evt_1776336685687.5_53w,question_answered,2026-04-16T10:51:25.687Z,1776336685687.5,84540,,m74,math,5,true,10578,,,,,,,,,,,,,,,,,,,,,,,
session_1776336601147.5_eo3o8n,student_w1_024,strong_student,evt_1776336694384.5_mwh,timing_cast,2026-04-16T10:51:34.384Z,1776336694384.5,93237,,,,,,,,,,,,,,,,,,,,,,,,,,,,,
session_1776336801927_jq9ozl,student_w2_025,methodical,evt_1776336801993_ojo,chapter_entered,2026-04-16T10:53:21.993Z,1776336801993,66,,,,,,,,,,,,,,,,,,,,,,,,,,,,,
session_1776336801927_jq9ozl,student_w2_025,methodical,evt_1776336803265_4sc,combat_started,2026-04-16T10:53:23.265Z,1776336803265,1338,,,,,,,,,,,,,,,,,,,,,,,,,,,,,
session_1776336915613.5_c5faiz,student_w1_025,average_student,evt_1776336915625.5_tyn,chapter_entered,2026-04-16T10:55:15.625Z,1776336915625.5,12,,,,,,,,,,,,,,,,,,,,,,,,,,,,,
session_1776336915613.5_c5faiz,student_w1_025,average_student,evt_1776336919192.5_71z,combat_started,2026-04-16T10:55:19.192Z,1776336919192.5,3579,,,,,,,,,,,,,,,,,,,,,,,,,,,,,
session_1776336915613.5_c5faiz,student_w1_025,average_student,evt_1776336930880.5_5de,spell_choice,2026-04-16T10:55:30.880Z,1776336930880.5,15267,,,math,3,,,,,,,,,,,,,,,,,,,,,,,,,
session_1776336915613.5_c5faiz,student_w1_025,average_student,evt_1776336943464_v8w,question_answered,2026-04-16T10:55:43.464Z,1776336943464,27850.5,,m44,math,3,false,12577.5,,,,,,,,,,,,,,,,,,,,,,,
session_1776336915613.5_c5faiz,student_w1_025,average_student,evt_1776336975709.5_353,defend_action,2026-04-16T10:56:15.709Z,1776336975709.5,60096,,,,,,,,,,,,,,,,,,,,,,,,,,,,,
session_1776337107862.5_98wvsu,student_w2_026,methodical,evt_1776337107880.5_v3y,chapter_entered,2026-04-16T10:58:27.880Z,1776337107880.5,18,,,,,,,,,,,,,,,,,,,,,,,,,,,,,
session_1776337107862.5_98wvsu,student_w2_026,methodical,evt_1776337111108.5_cnp,combat_started,2026-04-16T10:58:31.108Z,1776337111108.5,3246,,,,,,,,,,,,,,,,,,,,,,,,,,,,,
session_1776337230307.5_rpsc6e,student_w1_026,guesser,evt_1776337230421.5_bml,chapter_entered,2026-04-16T11:00:30.421Z,1776337230421.5,112.5,,,,,,,,,,,,,,,,,,,,,,,,,,,,,
session_1776337230307.5_rpsc6e,student_w1_026,guesser,evt_1776337232406_bde,combat_started,2026-04-16T11:00:32.406Z,1776337232406,2097,,,,,,,,,,,,,,,,,,,,,,,,,,,,,
session_1776337434508.5_xdb1xe,student_w2_027,strong_student,evt_1776337434838.5_1xd,chapter_entered,2026-04-16T11:03:54.838Z,1776337434838.5,324,,,,,,,,,,,,,,,,,,,,,,,,,,,,,
session_1776337434508.5_xdb1xe,student_w2_027,strong_student,evt_1776337436797.5_ah0,combat_started,2026-04-16T11:03:56.797Z,1776337436797.5,2283,,,,,,,,,,,,,,,,,,,,,,,,,,,,,
session_1776337547310_pwrtwo,student_w1_027,guesser,evt_1776337547847_k4e,chapter_entered,2026-04-16T11:05:47.847Z,1776337547847,537,,,,,,,,,,,,,,,,,,,,,,,,,,,,,
session_1776337547310_pwrtwo,student_w1_027,guesser,evt_1776337551700.5_zeq,combat_started,2026-04-16T11:05:51.700Z,1776337551700.5,4390.5,,,,,,,,,,,,,,,,,,,,,,,,,,,,,
session_1776337750914_ibkpow,student_w2_028,risk_taker,evt_1776337750929_ker,chapter_entered,2026-04-16T11:09:10.929Z,1776337750929,15,,,,,,,,,,,,,,,,,,,,,,,,,,,,,
session_1776337750914_ibkpow,student_w2_028,risk_taker,evt_1776337754416.5_q2j,combat_started,2026-04-16T11:09:14.416Z,1776337754416.5,3502.5,,,,,,,,,,,,,,,,,,,,,,,,,,,,,
session_1776337874715_lhf36f,student_w1_028,risk_taker,evt_1776337874740.5_reo,chapter_entered,2026-04-16T11:11:14.740Z,1776337874740.5,25.5,,,,,,,,,,,,,,,,,,,,,,,,,,,,,
session_1776337874715_lhf36f,student_w1_028,risk_taker,evt_1776337876056_qyf,combat_started,2026-04-16T11:11:16.056Z,1776337876056,1341,,,,,,,,,,,,,,,,,,,,,,,,,,,,,
session_1776338064183_qhaik0,student_w2_029,guesser,evt_1776338064232.5_sfk,chapter_entered,2026-04-16T11:14:24.232Z,1776338064232.5,49.5,,,,,,,,,,,,,,,,,,,,,,,,,,,,,
session_1776338064183_qhaik0,student_w2_029,guesser,evt_1776338065861.5_rqb,combat_started,2026-04-16T11:14:25.861Z,1776338065861.5,1678.5,,,,,,,,,,,,,,,,,,,,,,,,,,,,,
session_1776338064183_qhaik0,student_w2_029,guesser,evt_1776338075353.5_511,defend_action,2026-04-16T11:14:35.353Z,1776338075353.5,11170.5,,,,,,,,,,,,,,,,,,,,,,,,,,,,,
session_1776338064183_qhaik0,student_w2_029,guesser,evt_1776338093814_gao,defend_action,2026-04-16T11:14:53.814Z,1776338093814,29631,,,,,,,,,,,,,,,,,,,,,,,,,,,,,
session_1776338184858_usnoav,student_w1_029,struggling_student,evt_1776338184883.5_8yg,chapter_entered,2026-04-16T11:16:24.883Z,1776338184883.5,25.5,,,,,,,,,,,,,,,,,,,,,,,,,,,,,
session_1776338184858_usnoav,student_w1_029,struggling_student,evt_1776338188819.5_4gy,combat_started,2026-04-16T11:16:28.819Z,1776338188819.5,3961.5,,,,,,,,,,,,,,,,,,,,,,,,,,,,,
session_1776338184858_usnoav,student_w1_029,struggling_student,evt_1776338207827.5_bno,spell_choice,2026-04-16T11:16:47.829Z,1776338207829,22971,,,science,3,,,,,,,,,,,,,,,,,,,,,,,,,
session_1776338184858_usnoav,student_w1_029,struggling_student,evt_1776338220720_uhg,question_answered,2026-04-16T11:17:00.721Z,1776338220721.5,35863.5,,s39,science,3,false,12859.5,,,,,,,,,,,,,,,,,,,,,,,
session_1776338184858_usnoav,student_w1_029,struggling_student,evt_1776338273325_8ea,spell_choice,2026-04-16T11:17:53.325Z,1776338273325,88467,,,science,1,,,,,,,,,,,,,,,,,,,,,,,,,
session_1776338184858_usnoav,student_w1_029,struggling_student,evt_1776338282541_bob,question_answered,2026-04-16T11:18:02.541Z,1776338282541,97683,,s7,science,1,false,9186,,,,,,,,,,,,,,,,,,,,,,,
session_1776338184858_usnoav,student_w1_029,struggling_student,evt_1776338334795_pee,spell_choice,2026-04-16T11:18:54.795Z,1776338334795,149937,,,science,1,,,,,,,,,,,,,,,,,,,,,,,,,
session_1776338184858_usnoav,student_w1_029,struggling_student,evt_1776338349990_oir,question_answered,2026-04-16T11:19:09.990Z,1776338349990,165132,,s9,science,1,true,15159,,,,,,,,,,,,,,,,,,,,,,,
session_1776338184858_usnoav,student_w1_029,struggling_student,evt_1776338358876_q0k,timing_cast,2026-04-16T11:19:18.876Z,1776338358876,174018,,,,,,,,,,,,,,,,,,,,,,,,,,,,,
session_1776338184858_usnoav,student_w1_029,struggling_student,evt_1776338393302.5_9he,spell_choice,2026-04-16T11:19:53.302Z,1776338393302.5,208444.5,,,math,2,,,,,,,,,,,,,,,,,,,,,,,,,
session_1776338184858_usnoav,student_w1_029,struggling_student,evt_1776338405349_7hr,question_answered,2026-04-16T11:20:05.350Z,1776338405350.5,220492.5,,m27,math,2,false,12004.5,,,,,,,,,,,,,,,,,,,,,,,
session_1776338184858_usnoav,student_w1_029,struggling_student,evt_1776338453859_u9w,spell_choice,2026-04-16T11:20:53.859Z,1776338453859,269001,,,math,2,,,,,,,,,,,,,,,,,,,,,,,,,
session_1776338184858_usnoav,student_w1_029,struggling_student,evt_1776338466402_uwa,question_answered,2026-04-16T11:21:06.402Z,1776338466402,281544,,m18,math,2,false,12531,,,,,,,,,,,,,,,,,,,,,,,
session_1776338375523_2p07bz,student_w2_030,average_student,evt_1776338375722.5_pmk,chapter_entered,2026-04-16T11:19:35.722Z,1776338375722.5,193.5,,,,,,,,,,,,,,,,,,,,,,,,,,,,,
session_1776338375523_2p07bz,student_w2_030,average_student,evt_1776338378889_0g3,combat_started,2026-04-16T11:19:38.889Z,1776338378889,3360,,,,,,,,,,,,,,,,,,,,,,,,,,,,,
session_1776338375523_2p07bz,student_w2_030,average_student,evt_1776338403906_7nw,spell_choice,2026-04-16T11:20:03.906Z,1776338403906,28377,,,math,3,,,,,,,,,,,,,,,,,,,,,,,,,
session_1776338375523_2p07bz,student_w2_030,average_student,evt_1776338413176_aoe,question_answered,2026-04-16T11:20:13.176Z,1776338413176,37647,,m37,math,3,false,9256.5,,,,,,,,,,,,,,,,,,,,,,,
session_1776338375523_2p07bz,student_w2_030,average_student,evt_1776338458437_94f,spell_choice,2026-04-16T11:20:58.437Z,1776338458437,82908,,,science,1,,,,,,,,,,,,,,,,,,,,,,,,,
session_1776338375523_2p07bz,student_w2_030,average_student,evt_1776338468881.5_g50,question_answered,2026-04-16T11:21:08.881Z,1776338468881.5,93352.5,,s14,science,1,false,10435.5,,,,,,,,,,,,,,,,,,,,,,,
session_1776338501301_53qtdq,student_w1_030,methodical,evt_1776338501322_tnz,chapter_entered,2026-04-16T11:21:41.322Z,1776338501322,21,,,,,,,,,,,,,,,,,,,,,,,,,,,,,
session_1776338501301_53qtdq,student_w1_030,methodical,evt_1776338504850_j5a,combat_started,2026-04-16T11:21:44.850Z,1776338504850,3549,,,,,,,,,,,,,,,,,,,,,,,,,,,,,
session_1776338501301_53qtdq,student_w1_030,methodical,evt_1776338525451_g4v,spell_choice,2026-04-16T11:22:05.451Z,1776338525451,24150,,,science,3,,,,,,,,,,,,,,,,,,,,,,,,,
session_1776338501301_53qtdq,student_w1_030,methodical,evt_1776338542050_l4m,question_answered,2026-04-16T11:22:22.051Z,1776338542051.5,40750.5,,s38,science,3,true,16549.5,,,,,,,,,,,,,,,,,,,,,,,
session_1776338501301_53qtdq,student_w1_030,methodical,evt_1776338550855_5s9,timing_cast,2026-04-16T11:22:30.855Z,1776338550855,49554,,,,,,,,,,,,,,,,,,,,,,,,,,,,,
session_1776338501301_53qtdq,student_w1_030,methodical,evt_1776338600955_9a9,spell_choice,2026-04-16T11:23:20.955Z,1776338600955,99654,,,math,5,,,,,,,,,,,,,,,,,,,,,,,,,
session_1776338501301_53qtdq,student_w1_030,methodical,evt_1776338613024_o8b,question_answered,2026-04-16T11:23:33.024Z,1776338613024,111723,,m71,math,5,false,12052.5,,,,,,,,,,,,,,,,,,,,,,,
session_1776338501301_53qtdq,student_w1_030,methodical,evt_1776338653555.5_4fj,spell_choice,2026-04-16T11:24:13.555Z,1776338653555.5,152254.5,,,math,3,,,,,,,,,,,,,,,,,,,,,,,,,
session_1776338501301_53qtdq,student_w1_030,methodical,evt_1776338666026.5_boi,question_answered,2026-04-16T11:24:26.028Z,1776338666028,164727,,m45,math,3,false,12429,,,,,,,,,,,,,,,,,,,,,,,
session_1776338687485.5_yn7q2t,student_w2_031,risk_taker,evt_1776338687506.5_btt,chapter_entered,2026-04-16T11:24:47.506Z,1776338687506.5,21,,,,,,,,,,,,,,,,,,,,,,,,,,,,,
session_1776338687485.5_yn7q2t,student_w2_031,risk_taker,evt_1776338688868.5_pod,combat_started,2026-04-16T11:24:48.868Z,1776338688868.5,1383,,,,,,,,,,,,,,,,,,,,,,,,,,,,,
session_1776338687485.5_yn7q2t,student_w2_031,risk_taker,evt_1776338703060_bpw,spell_choice,2026-04-16T11:25:03.060Z,1776338703060,15574.5,,,math,3,,,,,,,,,,,,,,,,,,,,,,,,,
session_1776338687485.5_yn7q2t,student_w2_031,risk_taker,evt_1776338717409_8vv,question_answered,2026-04-16T11:25:17.409Z,1776338717409,29923.5,,m31,math,3,false,14340,,,,,,,,,,,,,,,,,,,,,,,
session_1776338687485.5_yn7q2t,student_w2_031,risk_taker,evt_1776338738745_2bv,defend_action,2026-04-16T11:25:38.745Z,1776338738745,51259.5,,,,,,,,,,,,,,,,,,,,,,,,,,,,,
session_1776338825530.5_5most4,student_w1_031,methodical,evt_1776338825787_hq4,chapter_entered,2026-04-16T11:27:05.788Z,1776338825788.5,255,,,,,,,,,,,,,,,,,,,,,,,,,,,,,
session_1776338825530.5_5most4,student_w1_031,methodical,evt_1776338827153.5_0j1,combat_started,2026-04-16T11:27:07.153Z,1776338827153.5,1620,,,,,,,,,,,,,,,,,,,,,,,,,,,,,
session_1776339001398_a68mjz,student_w2_032,guesser,evt_1776339001425_wk9,chapter_entered,2026-04-16T11:30:01.425Z,1776339001425,27,,,,,,,,,,,,,,,,,,,,,,,,,,,,,
session_1776339001398_a68mjz,student_w2_032,guesser,evt_1776339003927_gv3,combat_started,2026-04-16T11:30:03.927Z,1776339003927,2529,,,,,,,,,,,,,,,,,,,,,,,,,,,,,
session_1776339149074.5_mhtrha,student_w1_032,struggling_student,evt_1776339149098.5_v2y,chapter_entered,2026-04-16T11:32:29.098Z,1776339149098.5,24,,,,,,,,,,,,,,,,,,,,,,,,,,,,,
session_1776339149074.5_mhtrha,student_w1_032,struggling_student,evt_1776339150982.5_9yn,combat_started,2026-04-16T11:32:30.982Z,1776339150982.5,1908,,,,,,,,,,,,,,,,,,,,,,,,,,,,,
session_1776339149074.5_mhtrha,student_w1_032,struggling_student,evt_1776339156819_z3d,defend_action,2026-04-16T11:32:36.819Z,1776339156819,7744.5,,,,,,,,,,,,,,,,,,,,,,,,,,,,,
session_1776339149074.5_mhtrha,student_w1_032,struggling_student,evt_1776339187557_ylb,spell_choice,2026-04-16T11:33:07.558Z,1776339187558.5,38484,,,math,3,,,,,,,,,,,,,,,,,,,,,,,,,
session_1776339149074.5_mhtrha,student_w1_032,struggling_student,evt_1776339200461.5_psk,question_answered,2026-04-16T11:33:20.461Z,1776339200461.5,51387,,m31,math,3,false,12864,,,,,,,,,,,,,,,,,,,,,,,
session_1776339149074.5_mhtrha,student_w1_032,struggling_student,evt_1776339228198_jc7,spell_choice,2026-04-16T11:33:48.198Z,1776339228198,79123.5,,,science,1,,,,,,,,,,,,,,,,,,,,,,,,,
session_1776339149074.5_mhtrha,student_w1_032,struggling_student,evt_1776339239940_1k3,question_answered,2026-04-16T11:33:59.940Z,1776339239940,90865.5,,s14,science,1,false,11730,,,,,,,,,,,,,,,,,,,,,,,
session_1776339323535_innuic,student_w2_033,guesser,evt_1776339323566.5_wqa,chapter_entered,2026-04-16T11:35:23.566Z,1776339323566.5,31.5,,,,,,,,,,,,,,,,,,,,,,,,,,,,,
session_1776339323535_innuic,student_w2_033,guesser,evt_1776339325242_pnr,combat_started,2026-04-16T11:35:25.242Z,1776339325242,1707,,,,,,,,,,,,,,,,,,,,,,,,,,,,,
session_1776339468310.5_115al3,student_w1_033,risk_taker,evt_1776339468319.5_p78,chapter_entered,2026-04-16T11:37:48.319Z,1776339468319.5,9,,,,,,,,,,,,,,,,,,,,,,,,,,,,,
session_1776339468310.5_115al3,student_w1_033,risk_taker,evt_1776339469017_imj,combat_started,2026-04-16T11:37:49.017Z,1776339469017,706.5,,,,,,,,,,,,,,,,,,,,,,,,,,,,,
session_1776339468310.5_115al3,student_w1_033,risk_taker,evt_1776339489307.5_pss,spell_choice,2026-04-16T11:38:09.307Z,1776339489307.5,20997,,,science,3,,,,,,,,,,,,,,,,,,,,,,,,,
session_1776339468310.5_115al3,student_w1_033,risk_taker,evt_1776339498957_hjt,question_answered,2026-04-16T11:38:18.957Z,1776339498957,30646.5,,s31,science,3,true,9637.5,,,,,,,,,,,,,,,,,,,,,,,
session_1776339468310.5_115al3,student_w1_033,risk_taker,evt_1776339506121_uya,timing_cast,2026-04-16T11:38:26.121Z,1776339506121,37810.5,,,,,,,,,,,,,,,,,,,,,,,,,,,,,
session_1776339630325.5_nbrpf8,student_w2_034,methodical,evt_1776339630345_gz8,chapter_entered,2026-04-16T11:40:30.345Z,1776339630345,19.5,,,,,,,,,,,,,,,,,,,,,,,,,,,,,
session_1776339630325.5_nbrpf8,student_w2_034,methodical,evt_1776339631762.5_mkp,combat_started,2026-04-16T11:40:31.762Z,1776339631762.5,1437,,,,,,,,,,,,,,,,,,,,,,,,,,,,,
session_1776339789067.5_lwfeyu,student_w1_034,guesser,evt_1776339789103.5_bw6,chapter_entered,2026-04-16T11:43:09.103Z,1776339789103.5,34.5,,,,,,,,,,,,,,,,,,,,,,,,,,,,,
session_1776339789067.5_lwfeyu,student_w1_034,guesser,evt_1776339791361_pd8,combat_started,2026-04-16T11:43:11.362Z,1776339791362.5,2293.5,,,,,,,,,,,,,,,,,,,,,,,,,,,,,
session_1776339789067.5_lwfeyu,student_w1_034,guesser,evt_1776339798637.5_vzn,defend_action,2026-04-16T11:43:18.637Z,1776339798637.5,9568.5,,,,,,,,,,,,,,,,,,,,,,,,,,,,,
session_1776339943632_am5l8p,student_w2_035,strong_student,evt_1776339943644_jf4,chapter_entered,2026-04-16T11:45:43.644Z,1776339943644,12,,,,,,,,,,,,,,,,,,,,,,,,,,,,,
session_1776339943632_am5l8p,student_w2_035,strong_student,evt_1776339945757.5_s4a,combat_started,2026-04-16T11:45:45.757Z,1776339945757.5,2125.5,,,,,,,,,,,,,,,,,,,,,,,,,,,,,
session_1776339943632_am5l8p,student_w2_035,strong_student,evt_1776339954181.5_se1,defend_action,2026-04-16T11:45:54.181Z,1776339954181.5,10549.5,,,,,,,,,,,,,,,,,,,,,,,,,,,,,
session_1776339943632_am5l8p,student_w2_035,strong_student,evt_1776339985242_c4n,spell_choice,2026-04-16T11:46:25.242Z,1776339985242,41610,,,math,3,,,,,,,,,,,,,,,,,,,,,,,,,
session_1776339943632_am5l8p,student_w2_035,strong_student,evt_1776339997378.5_b63,question_answered,2026-04-16T11:46:37.380Z,1776339997380,53748,,m35,math,3,false,12120,,,,,,,,,,,,,,,,,,,,,,,
session_1776340102620_v18i2u,student_w1_035,guesser,evt_1776340102627.5_cz1,chapter_entered,2026-04-16T11:48:22.627Z,1776340102627.5,7.5,,,,,,,,,,,,,,,,,,,,,,,,,,,,,
session_1776340102620_v18i2u,student_w1_035,guesser,evt_1776340105512_3fa,combat_started,2026-04-16T11:48:25.512Z,1776340105512,2892,,,,,,,,,,,,,,,,,,,,,,,,,,,,,
session_1776340102620_v18i2u,student_w1_035,guesser,evt_1776340116166.5_00e,spell_choice,2026-04-16T11:48:36.166Z,1776340116166.5,13546.5,,,math,3,,,,,,,,,,,,,,,,,,,,,,,,,
session_1776340102620_v18i2u,student_w1_035,guesser,evt_1776340129560_v18,question_answered,2026-04-16T11:48:49.560Z,1776340129560,26940,,m38,math,3,false,13329,,,,,,,,,,,,,,,,,,,,,,,
session_1776340102620_v18i2u,student_w1_035,guesser,evt_1776340147072.5_25e,defend_action,2026-04-16T11:49:07.072Z,1776340147072.5,44452.5,,,,,,,,,,,,,,,,,,,,,,,,,,,,,
session_1776340102620_v18i2u,student_w1_035,guesser,evt_1776340169650.5_zbr,spell_choice,2026-04-16T11:49:29.650Z,1776340169650.5,67030.5,,,math,1,,,,,,,,,,,,,,,,,,,,,,,,,
session_1776340102620_v18i2u,student_w1_035,guesser,evt_1776340181673_ei0,question_answered,2026-04-16T11:49:41.673Z,1776340181673,79053,,m5,math,1,false,12013.5,,,,,,,,,,,,,,,,,,,,,,,
session_1776340102620_v18i2u,student_w1_035,guesser,evt_1776340205046_lr6,defend_action,2026-04-16T11:50:05.046Z,1776340205046,102426,,,,,,,,,,,,,,,,,,,,,,,,,,,,,
session_1776340102620_v18i2u,student_w1_035,guesser,evt_1776340232944.5_wdy,spell_choice,2026-04-16T11:50:32.944Z,1776340232944.5,130324.5,,,science,1,,,,,,,,,,,,,,,,,,,,,,,,,
session_1776340102620_v18i2u,student_w1_035,guesser,evt_1776340242174_qks,question_answered,2026-04-16T11:50:42.174Z,1776340242174,139554,,s7,science,1,true,9216,,,,,,,,,,,,,,,,,,,,,,,
session_1776340102620_v18i2u,student_w1_035,guesser,evt_1776340249659_6ys,timing_cast,2026-04-16T11:50:49.659Z,1776340249659,147039,,,,,,,,,,,,,,,,,,,,,,,,,,,,,
session_1776340251769.5_i6qerr,student_w2_036,methodical,evt_1776340251837_3jx,chapter_entered,2026-04-16T11:50:51.837Z,1776340251837,67.5,,,,,,,,,,,,,,,,,,,,,,,,,,,,,
session_1776340251769.5_i6qerr,student_w2_036,methodical,evt_1776340253904_7qd,combat_started,2026-04-16T11:50:53.904Z,1776340253904,2134.5,,,,,,,,,,,,,,,,,,,,,,,,,,,,,
session_1776340251769.5_i6qerr,student_w2_036,methodical,evt_1776340259328_qjv,defend_action,2026-04-16T11:50:59.328Z,1776340259328,7558.5,,,,,,,,,,,,,,,,,,,,,,,,,,,,,
session_1776340413082.5_yocixh,student_w1_036,guesser,evt_1776340413090_rij,chapter_entered,2026-04-16T11:53:33.090Z,1776340413090,7.5,,,,,,,,,,,,,,,,,,,,,,,,,,,,,
session_1776340413082.5_yocixh,student_w1_036,guesser,evt_1776340414419_qax,combat_started,2026-04-16T11:53:34.419Z,1776340414419,1336.5,,,,,,,,,,,,,,,,,,,,,,,,,,,,,
session_1776340413082.5_yocixh,student_w1_036,guesser,evt_1776340420447.5_ger,defend_action,2026-04-16T11:53:40.447Z,1776340420447.5,7365,,,,,,,,,,,,,,,,,,,,,,,,,,,,,
session_1776340413082.5_yocixh,student_w1_036,guesser,evt_1776340448571_inh,spell_choice,2026-04-16T11:54:08.571Z,1776340448571,35488.5,,,science,3,,,,,,,,,,,,,,,,,,,,,,,,,
session_1776340413082.5_yocixh,student_w1_036,guesser,evt_1776340456702.5_1yj,question_answered,2026-04-16T11:54:16.702Z,1776340456702.5,43620,,s40,science,3,false,8113.5,,,,,,,,,,,,,,,,,,,,,,,
session_1776340413082.5_yocixh,student_w1_036,guesser,evt_1776340476363_jlz,spell_choice,2026-04-16T11:54:36.363Z,1776340476363,63280.5,,,math,1,,,,,,,,,,,,,,,,,,,,,,,,,
session_1776340413082.5_yocixh,student_w1_036,guesser,evt_1776340488792_qq1,question_answered,2026-04-16T11:54:48.792Z,1776340488792,75709.5,,m14,math,1,false,12423,,,,,,,,,,,,,,,,,,,,,,,
session_1776340573077_drmjcq,student_w2_037,risk_taker,evt_1776340573093.5_usu,chapter_entered,2026-04-16T11:56:13.093Z,1776340573093.5,16.5,,,,,,,,,,,,,,,,,,,,,,,,,,,,,
session_1776340573077_drmjcq,student_w2_037,risk_taker,evt_1776340575819_5r5,combat_started,2026-04-16T11:56:15.819Z,1776340575819,2742,,,,,,,,,,,,,,,,,,,,,,,,,,,,,
session_1776340573077_drmjcq,student_w2_037,risk_taker,evt_1776340580829_tn3,defend_action,2026-04-16T11:56:20.829Z,1776340580829,7752,,,,,,,,,,,,,,,,,,,,,,,,,,,,,
session_1776340723342.5_88w9d8,student_w1_037,average_student,evt_1776340723357.5_916,chapter_entered,2026-04-16T11:58:43.357Z,1776340723357.5,15,,,,,,,,,,,,,,,,,,,,,,,,,,,,,
session_1776340723342.5_88w9d8,student_w1_037,average_student,evt_1776340724775_pjd,combat_started,2026-04-16T11:58:44.776Z,1776340724776.5,1434,,,,,,,,,,,,,,,,,,,,,,,,,,,,,
session_1776340723342.5_88w9d8,student_w1_037,average_student,evt_1776340734099_o56,defend_action,2026-04-16T11:58:54.100Z,1776340734100.5,10758,,,,,,,,,,,,,,,,,,,,,,,,,,,,,
session_1776340723342.5_88w9d8,student_w1_037,average_student,evt_1776340766284.5_jra,defend_action,2026-04-16T11:59:26.284Z,1776340766284.5,42942,,,,,,,,,,,,,,,,,,,,,,,,,,,,,
session_1776340882170_4wuak4,student_w2_038,risk_taker,evt_1776340882228.5_8vx,chapter_entered,2026-04-16T12:01:22.228Z,1776340882228.5,57,,,,,,,,,,,,,,,,,,,,,,,,,,,,,
session_1776340882170_4wuak4,student_w2_038,risk_taker,evt_1776340884562.5_5b3,combat_started,2026-04-16T12:01:24.562Z,1776340884562.5,2391,,,,,,,,,,,,,,,,,,,,,,,,,,,,,
session_1776340882170_4wuak4,student_w2_038,risk_taker,evt_1776340903609.5_73u,spell_choice,2026-04-16T12:01:43.611Z,1776340903611,21439.5,,,science,3,,,,,,,,,,,,,,,,,,,,,,,,,
session_1776340882170_4wuak4,student_w2_038,risk_taker,evt_1776340913179.5_78m,question_answered,2026-04-16T12:01:53.179Z,1776340913179.5,31008,,s34,science,3,true,9541.5,,,,,,,,,,,,,,,,,,,,,,,
session_1776340882170_4wuak4,student_w2_038,risk_taker,evt_1776340919460_f9d,timing_cast,2026-04-16T12:01:59.461Z,1776340919461.5,37290,,,,,,,,,,,,,,,,,,,,,,,,,,,,,
session_1776340882170_4wuak4,student_w2_038,risk_taker,evt_1776340963161_2tb,spell_choice,2026-04-16T12:02:43.161Z,1776340963161,80989.5,,,math,5,,,,,,,,,,,,,,,,,,,,,,,,,
session_1776340882170_4wuak4,student_w2_038,risk_taker,evt_1776340972222.5_t9v,question_answered,2026-04-16T12:02:52.222Z,1776340972222.5,90051,,m70,math,5,true,9048,,,,,,,,,,,,,,,,,,,,,,,
session_1776340882170_4wuak4,student_w2_038,risk_taker,evt_1776340978288.5_hw8,timing_cast,2026-04-16T12:02:58.288Z,1776340978288.5,96117,,,,,,,,,,,,,,,,,,,,,,,,,,,,,
session_1776340882170_4wuak4,student_w2_038,risk_taker,evt_1776340983441_fja,combat_ended,2026-04-16T12:03:03.441Z,1776340983441,101269.5,,,,,,,,,,,,,,,,,,,,,,,,,,,,,
session_1776341031927_s0538j,student_w1_038,risk_taker,evt_1776341031948_j46,chapter_entered,2026-04-16T12:03:51.948Z,1776341031948,21,,,,,,,,,,,,,,,,,,,,,,,,,,,,,
session_1776341031927_s0538j,student_w1_038,risk_taker,evt_1776341033440.5_0p9,combat_started,2026-04-16T12:03:53.440Z,1776341033440.5,1513.5,,,,,,,,,,,,,,,,,,,,,,,,,,,,,
session_1776341031927_s0538j,student_w1_038,risk_taker,evt_1776341057130_c27,spell_choice,2026-04-16T12:04:17.137Z,1776341057137.5,25210.5,,,math,3,,,,,,,,,,,,,,,,,,,,,,,,,
session_1776341031927_s0538j,student_w1_038,risk_taker,evt_1776341066044.5_hn4,question_answered,2026-04-16T12:04:26.044Z,1776341066044.5,34117.5,,m40,math,3,false,8889,,,,,,,,,,,,,,,,,,,,,,,
session_1776341031927_s0538j,student_w1_038,risk_taker,evt_1776341085115.5_lzi,spell_choice,2026-04-16T12:04:45.115Z,1776341085115.5,53188.5,,,math,1,,,,,,,,,,,,,,,,,,,,,,,,,
session_1776341031927_s0538j,student_w1_038,risk_taker,evt_1776341097190.5_9p9,question_answered,2026-04-16T12:04:57.190Z,1776341097190.5,65263.5,,m8,math,1,false,12069,,,,,,,,,,,,,,,,,,,,,,,
session_1776341195112_ncqbmc,student_w2_039,strong_student,evt_1776341195151_54f,chapter_entered,2026-04-16T12:06:35.151Z,1776341195151,39,,,,,,,,,,,,,,,,,,,,,,,,,,,,,
session_1776341195112_ncqbmc,student_w2_039,strong_student,evt_1776341197879.5_wig,combat_started,2026-04-16T12:06:37.879Z,1776341197879.5,2767.5,,,,,,,,,,,,,,,,,,,,,,,,,,,,,
session_1776341339358_qn2ti4,student_w1_039,risk_taker,evt_1776341339388_2pb,chapter_entered,2026-04-16T12:08:59.388Z,1776341339388,30,,,,,,,,,,,,,,,,,,,,,,,,,,,,,
session_1776341339358_qn2ti4,student_w1_039,risk_taker,evt_1776341342140.5_o7c,combat_started,2026-04-16T12:09:02.140Z,1776341342140.5,2782.5,,,,,,,,,,,,,,,,,,,,,,,,,,,,,
session_1776341501077.5_gmzzj7,student_w2_040,struggling_student,evt_1776341501086.5_8vv,chapter_entered,2026-04-16T12:11:41.086Z,1776341501086.5,9,,,,,,,,,,,,,,,,,,,,,,,,,,,,,
session_1776341501077.5_gmzzj7,student_w2_040,struggling_student,evt_1776341502979.5_vtd,combat_started,2026-04-16T12:11:42.979Z,1776341502979.5,1902,,,,,,,,,,,,,,,,,,,,,,,,,,,,,
session_1776341649472.5_ez794w,student_w1_040,struggling_student,evt_1776341649495_u61,chapter_entered,2026-04-16T12:14:09.495Z,1776341649495,22.5,,,,,,,,,,,,,,,,,,,,,,,,,,,,,
session_1776341649472.5_ez794w,student_w1_040,struggling_student,evt_1776341651034_h76,combat_started,2026-04-16T12:14:11.034Z,1776341651034,1561.5,,,,,,,,,,,,,,,,,,,,,,,,,,,,,
session_1776341805613.5_5464l6,student_w2_041,strong_student,evt_1776341805633_tup,chapter_entered,2026-04-16T12:16:45.633Z,1776341805633,18,,,,,,,,,,,,,,,,,,,,,,,,,,,,,
session_1776341805613.5_5464l6,student_w2_041,strong_student,evt_1776341807218.5_ofz,combat_started,2026-04-16T12:16:47.218Z,1776341807218.5,1603.5,,,,,,,,,,,,,,,,,,,,,,,,,,,,,
session_1776341973718.5_jv66ow,student_w1_041,methodical,evt_1776341973778.5_zc9,chapter_entered,2026-04-16T12:19:33.778Z,1776341973778.5,55.5,,,,,,,,,,,,,,,,,,,,,,,,,,,,,
session_1776341973718.5_jv66ow,student_w1_041,methodical,evt_1776341976139.5_qnk,combat_started,2026-04-16T12:19:36.139Z,1776341976139.5,2416.5,,,,,,,,,,,,,,,,,,,,,,,,,,,,,
session_1776341973718.5_jv66ow,student_w1_041,methodical,evt_1776341996758.5_71o,spell_choice,2026-04-16T12:19:56.758Z,1776341996758.5,23035.5,,,science,3,,,,,,,,,,,,,,,,,,,,,,,,,
session_1776341973718.5_jv66ow,student_w1_041,methodical,evt_1776342013434_elp,question_answered,2026-04-16T12:20:13.434Z,1776342013434,39711,,s39,science,3,true,16624.5,,,,,,,,,,,,,,,,,,,,,,,
session_1776341973718.5_jv66ow,student_w1_041,methodical,evt_1776342019684.5_riu,timing_cast,2026-04-16T12:20:19.684Z,1776342019684.5,45961.5,,,,,,,,,,,,,,,,,,,,,,,,,,,,,
session_1776341973718.5_jv66ow,student_w1_041,methodical,evt_1776342063306_qkj,spell_choice,2026-04-16T12:21:03.306Z,1776342063306,89583,,,science,5,,,,,,,,,,,,,,,,,,,,,,,,,
session_1776341973718.5_jv66ow,student_w1_041,methodical,evt_1776342075364.5_gp5,question_answered,2026-04-16T12:21:15.364Z,1776342075364.5,101641.5,,s69,science,5,true,12052.5,,,,,,,,,,,,,,,,,,,,,,,
session_1776341973718.5_jv66ow,student_w1_041,methodical,evt_1776342084933_kc4,timing_cast,2026-04-16T12:21:24.933Z,1776342084933,111210,,,,,,,,,,,,,,,,,,,,,,,,,,,,,
session_1776341973718.5_jv66ow,student_w1_041,methodical,evt_1776342124827_szn,spell_choice,2026-04-16T12:22:04.827Z,1776342124827,151104,,,science,5,,,,,,,,,,,,,,,,,,,,,,,,,
session_1776341973718.5_jv66ow,student_w1_041,methodical,evt_1776342135465_0i5,question_answered,2026-04-16T12:22:15.465Z,1776342135465,161742,,s68,science,5,true,10629,,,,,,,,,,,,,,,,,,,,,,,
session_1776341973718.5_jv66ow,student_w1_041,methodical,evt_1776342144081_kk0,timing_cast,2026-04-16T12:22:24.081Z,1776342144081,170358,,,,,,,,,,,,,,,,,,,,,,,,,,,,,
session_1776341973718.5_jv66ow,student_w1_041,methodical,evt_1776342176485.5_7yk,spell_choice,2026-04-16T12:22:56.485Z,1776342176485.5,202762.5,,,science,5,,,,,,,,,,,,,,,,,,,,,,,,,
session_1776341973718.5_jv66ow,student_w1_041,methodical,evt_1776342188961_8b5,question_answered,2026-04-16T12:23:08.961Z,1776342188961,215238,,s61,science,5,true,12463.5,,,,,,,,,,,,,,,,,,,,,,,
session_1776341973718.5_jv66ow,student_w1_041,methodical,evt_1776342197716.5_kgv,timing_cast,2026-04-16T12:23:17.716Z,1776342197716.5,223993.5,,,,,,,,,,,,,,,,,,,,,,,,,,,,,
session_1776341973718.5_jv66ow,student_w1_041,methodical,evt_1776342241185_686,spell_choice,2026-04-16T12:24:01.185Z,1776342241185,267462,,,science,5,,,,,,,,,,,,,,,,,,,,,,,,,
session_1776341973718.5_jv66ow,student_w1_041,methodical,evt_1776342252556.5_q4r,question_answered,2026-04-16T12:24:12.556Z,1776342252556.5,278833.5,,s65,science,5,true,11361,,,,,,,,,,,,,,,,,,,,,,,
session_1776341973718.5_jv66ow,student_w1_041,methodical,evt_1776342260251.5_k94,timing_cast,2026-04-16T12:24:20.251Z,1776342260251.5,286528.5,,,,,,,,,,,,,,,,,,,,,,,,,,,,,
session_1776342112411.5_d98c3l,student_w2_042,methodical,evt_1776342112419_bfi,chapter_entered,2026-04-16T12:21:52.419Z,1776342112419,7.5,,,,,,,,,,,,,,,,,,,,,,,,,,,,,
session_1776342112411.5_d98c3l,student_w2_042,methodical,evt_1776342114348_q48,combat_started,2026-04-16T12:21:54.348Z,1776342114348,1936.5,,,,,,,,,,,,,,,,,,,,,,,,,,,,,
session_1776342112411.5_d98c3l,student_w2_042,methodical,evt_1776342120373.5_mk4,defend_action,2026-04-16T12:22:00.373Z,1776342120373.5,7962,,,,,,,,,,,,,,,,,,,,,,,,,,,,,
session_1776342112411.5_d98c3l,student_w2_042,methodical,evt_1776342148900.5_fks,spell_choice,2026-04-16T12:22:28.900Z,1776342148900.5,36489,,,math,3,,,,,,,,,,,,,,,,,,,,,,,,,
session_1776342112411.5_d98c3l,student_w2_042,methodical,evt_1776342160276.5_dq1,question_answered,2026-04-16T12:22:40.276Z,1776342160276.5,47865,,m45,math,3,true,11367,,,,,,,,,,,,,,,,,,,,,,,
session_1776342112411.5_d98c3l,student_w2_042,methodical,evt_1776342168154.5_jte,timing_cast,2026-04-16T12:22:48.154Z,1776342168154.5,55743,,,,,,,,,,,,,,,,,,,,,,,,,,,,,
session_1776342112411.5_d98c3l,student_w2_042,methodical,evt_1776342210823.5_ael,spell_choice,2026-04-16T12:23:30.823Z,1776342210823.5,98412,,,science,5,,,,,,,,,,,,,,,,,,,,,,,,,
session_1776342112411.5_d98c3l,student_w2_042,methodical,evt_1776342224400_oig,question_answered,2026-04-16T12:23:44.400Z,1776342224400,111988.5,,s63,science,5,true,13561.5,,,,,,,,,,,,,,,,,,,,,,,
session_1776342112411.5_d98c3l,student_w2_042,methodical,evt_1776342235185_3vw,timing_cast,2026-04-16T12:23:55.186Z,1776342235186.5,122775,,,,,,,,,,,,,,,,,,,,,,,,,,,,,
session_1776342112411.5_d98c3l,student_w2_042,methodical,evt_1776342267720_m6e,spell_choice,2026-04-16T12:24:27.720Z,1776342267720,155308.5,,,math,5,,,,,,,,,,,,,,,,,,,,,,,,,
session_1776342112411.5_d98c3l,student_w2_042,methodical,evt_1776342281398.5_102,question_answered,2026-04-16T12:24:41.398Z,1776342281398.5,168987,,m73,math,5,false,13662,,,,,,,,,,,,,,,,,,,,,,,
session_1776342112411.5_d98c3l,student_w2_042,methodical,evt_1776342312165_itj,spell_choice,2026-04-16T12:25:12.166Z,1776342312166.5,199755,,,math,4,,,,,,,,,,,,,,,,,,,,,,,,,
session_1776342112411.5_d98c3l,student_w2_042,methodical,evt_1776342324727.5_u8y,question_answered,2026-04-16T12:25:24.727Z,1776342324727.5,212316,,m59,math,4,false,12553.5,,,,,,,,,,,,,,,,,,,,,,,
session_1776342112411.5_d98c3l,student_w2_042,methodical,evt_1776342357229.5_32e,spell_choice,2026-04-16T12:25:57.229Z,1776342357229.5,244818,,,math,2,,,,,,,,,,,,,,,,,,,,,,,,,
session_1776342112411.5_d98c3l,student_w2_042,methodical,evt_1776342372030_dps,question_answered,2026-04-16T12:26:12.031Z,1776342372031.5,259620,,m16,math,2,false,14785.5,,,,,,,,,,,,,,,,,,,,,,,
session_1776342112411.5_d98c3l,student_w2_042,methodical,evt_1776342393084_uq3,spell_choice,2026-04-16T12:26:33.084Z,1776342393084,280672.5,,,math,1,,,,,,,,,,,,,,,,,,,,,,,,,
session_1776342112411.5_d98c3l,student_w2_042,methodical,evt_1776342405876_q6w,question_answered,2026-04-16T12:26:45.876Z,1776342405876,293464.5,,m6,math,1,false,12778.5,,,,,,,,,,,,,,,,,,,,,,,
session_1776342291132_ahjaul,student_w1_042,struggling_student,evt_1776342291156_k0g,chapter_entered,2026-04-16T12:24:51.156Z,1776342291156,22.5,,,,,,,,,,,,,,,,,,,,,,,,,,,,,
session_1776342291132_ahjaul,student_w1_042,struggling_student,evt_1776342294832.5_r6n,combat_started,2026-04-16T12:24:54.832Z,1776342294832.5,3699,,,,,,,,,,,,,,,,,,,,,,,,,,,,,
session_1776342291132_ahjaul,student_w1_042,struggling_student,evt_1776342299665.5_1pi,defend_action,2026-04-16T12:24:59.668Z,1776342299668.5,8535,,,,,,,,,,,,,,,,,,,,,,,,,,,,,
session_1776342433347_3mhx23,student_w2_043,guesser,evt_1776342433365_864,chapter_entered,2026-04-16T12:27:13.365Z,1776342433365,18,,,,,,,,,,,,,,,,,,,,,,,,,,,,,
session_1776342433347_3mhx23,student_w2_043,guesser,evt_1776342434815.5_xbb,combat_started,2026-04-16T12:27:14.815Z,1776342434815.5,1468.5,,,,,,,,,,,,,,,,,,,,,,,,,,,,,
session_1776342433347_3mhx23,student_w2_043,guesser,evt_1776342457836_mw4,spell_choice,2026-04-16T12:27:37.837Z,1776342457837.5,24490.5,,,science,3,,,,,,,,,,,,,,,,,,,,,,,,,
session_1776342433347_3mhx23,student_w2_043,guesser,evt_1776342465760.5_6xq,question_answered,2026-04-16T12:27:45.760Z,1776342465760.5,32413.5,,s39,science,3,false,7899,,,,,,,,,,,,,,,,,,,,,,,
session_1776342433347_3mhx23,student_w2_043,guesser,evt_1776342507150_e6s,spell_choice,2026-04-16T12:28:27.151Z,1776342507151.5,73804.5,,,math,1,,,,,,,,,,,,,,,,,,,,,,,,,
session_1776342433347_3mhx23,student_w2_043,guesser,evt_1776342516688.5_cq5,question_answered,2026-04-16T12:28:36.688Z,1776342516688.5,83341.5,,m10,math,1,false,9529.5,,,,,,,,,,,,,,,,,,,,,,,
session_1776342433347_3mhx23,student_w2_043,guesser,evt_1776342543889.5_u5e,spell_choice,2026-04-16T12:29:03.889Z,1776342543889.5,110542.5,,,math,1,,,,,,,,,,,,,,,,,,,,,,,,,
session_1776342433347_3mhx23,student_w2_043,guesser,evt_1776342553975.5_vqk,question_answered,2026-04-16T12:29:13.975Z,1776342553975.5,120628.5,,m12,math,1,false,10071,,,,,,,,,,,,,,,,,,,,,,,
session_1776342433347_3mhx23,student_w2_043,guesser,evt_1776342567439.5_o33,defend_action,2026-04-16T12:29:27.439Z,1776342567439.5,134092.5,,,,,,,,,,,,,,,,,,,,,,,,,,,,,
session_1776342610477.5_3f142a,student_w1_043,methodical,evt_1776342610494_is1,chapter_entered,2026-04-16T12:30:10.494Z,1776342610494,16.5,,,,,,,,,,,,,,,,,,,,,,,,,,,,,
session_1776342610477.5_3f142a,student_w1_043,methodical,evt_1776342613659_be3,combat_started,2026-04-16T12:30:13.660Z,1776342613660.5,3183,,,,,,,,,,,,,,,,,,,,,,,,,,,,,
session_1776342747222_tp783u,student_w2_044,average_student,evt_1776342747721.5_pwu,chapter_entered,2026-04-16T12:32:27.723Z,1776342747723,492,,,,,,,,,,,,,,,,,,,,,,,,,,,,,
session_1776342747222_tp783u,student_w2_044,average_student,evt_1776342749479.5_ya1,combat_started,2026-04-16T12:32:29.479Z,1776342749479.5,2248.5,,,,,,,,,,,,,,,,,,,,,,,,,,,,,
session_1776342917364_g12cf5,student_w1_044,strong_student,evt_1776342917379_11l,chapter_entered,2026-04-16T12:35:17.379Z,1776342917379,15,,,,,,,,,,,,,,,,,,,,,,,,,,,,,
session_1776342917364_g12cf5,student_w1_044,strong_student,evt_1776342921028.5_9ax,combat_started,2026-04-16T12:35:21.028Z,1776342921028.5,3664.5,,,,,,,,,,,,,,,,,,,,,,,,,,,,,
session_1776343057650_qdvxqi,student_w2_045,struggling_student,evt_1776343057665_3vt,chapter_entered,2026-04-16T12:37:37.665Z,1776343057665,15,,,,,,,,,,,,,,,,,,,,,,,,,,,,,
session_1776343057650_qdvxqi,student_w2_045,struggling_student,evt_1776343061098.5_2ff,combat_started,2026-04-16T12:37:41.098Z,1776343061098.5,3448.5,,,,,,,,,,,,,,,,,,,,,,,,,,,,,
session_1776343222125_pnpeu0,student_w1_045,risk_taker,evt_1776343222134_vv9,chapter_entered,2026-04-16T12:40:22.134Z,1776343222134,7.5,,,,,,,,,,,,,,,,,,,,,,,,,,,,,
session_1776343222125_pnpeu0,student_w1_045,risk_taker,evt_1776343223841_4ru,combat_started,2026-04-16T12:40:23.841Z,1776343223841,1714.5,,,,,,,,,,,,,,,,,,,,,,,,,,,,,
session_1776343222125_pnpeu0,student_w1_045,risk_taker,evt_1776343244343_i79,spell_choice,2026-04-16T12:40:44.343Z,1776343244343,22216.5,,,science,3,,,,,,,,,,,,,,,,,,,,,,,,,
session_1776343222125_pnpeu0,student_w1_045,risk_taker,evt_1776343252813.5_7m9,question_answered,2026-04-16T12:40:52.813Z,1776343252813.5,30687,,s31,science,3,false,8457,,,,,,,,,,,,,,,,,,,,,,,
session_1776343222125_pnpeu0,student_w1_045,risk_taker,evt_1776343281789_88t,spell_choice,2026-04-16T12:41:21.789Z,1776343281789,59662.5,,,math,1,,,,,,,,,,,,,,,,,,,,,,,,,
session_1776343222125_pnpeu0,student_w1_045,risk_taker,evt_1776343291282.5_fvt,question_answered,2026-04-16T12:41:31.282Z,1776343291282.5,69156,,m6,math,1,false,9486,,,,,,,,,,,,,,,,,,,,,,,
session_1776343370191.5_skbl37,student_w2_046,risk_taker,evt_1776343370200.5_ygg,chapter_entered,2026-04-16T12:42:50.200Z,1776343370200.5,9,,,,,,,,,,,,,,,,,,,,,,,,,,,,,
session_1776343370191.5_skbl37,student_w2_046,risk_taker,evt_1776343370926.5_lb8,combat_started,2026-04-16T12:42:50.926Z,1776343370926.5,735,,,,,,,,,,,,,,,,,,,,,,,,,,,,,
session_1776343370191.5_skbl37,student_w2_046,risk_taker,evt_1776343377711_wso,defend_action,2026-04-16T12:42:57.711Z,1776343377711,7519.5,,,,,,,,,,,,,,,,,,,,,,,,,,,,,
session_1776343370191.5_skbl37,student_w2_046,risk_taker,evt_1776343391511_h2x,defend_action,2026-04-16T12:43:11.512Z,1776343391512.5,21321,,,,,,,,,,,,,,,,,,,,,,,,,,,,,
session_1776343526904_m2p7rr,student_w1_046,methodical,evt_1776343526914.5_2jy,chapter_entered,2026-04-16T12:45:26.914Z,1776343526914.5,10.5,,,,,,,,,,,,,,,,,,,,,,,,,,,,,
session_1776343526904_m2p7rr,student_w1_046,methodical,evt_1776343527910.5_b17,combat_started,2026-04-16T12:45:27.910Z,1776343527910.5,1006.5,,,,,,,,,,,,,,,,,,,,,,,,,,,,,
session_1776343694598_zdeo0i,student_w2_047,struggling_student,evt_1776343694658_cy0,chapter_entered,2026-04-16T12:48:14.658Z,1776343694658,60,,,,,,,,,,,,,,,,,,,,,,,,,,,,,
session_1776343694598_zdeo0i,student_w2_047,struggling_student,evt_1776343697424_h8j,combat_started,2026-04-16T12:48:17.424Z,1776343697424,2826,,,,,,,,,,,,,,,,,,,,,,,,,,,,,
session_1776343842384_ajgne0,student_w1_047,risk_taker,evt_1776343842396_oea,chapter_entered,2026-04-16T12:50:42.396Z,1776343842396,10.5,,,,,,,,,,,,,,,,,,,,,,,,,,,,,
session_1776343842384_ajgne0,student_w1_047,risk_taker,evt_1776343844181_djk,combat_started,2026-04-16T12:50:44.181Z,1776343844181,1795.5,,,,,,,,,,,,,,,,,,,,,,,,,,,,,
session_1776344010088.5_tozk7v,student_w2_048,guesser,evt_1776344010126_fw8,chapter_entered,2026-04-16T12:53:30.126Z,1776344010126,37.5,,,,,,,,,,,,,,,,,,,,,,,,,,,,,
session_1776344010088.5_tozk7v,student_w2_048,guesser,evt_1776344010771_bmr,combat_started,2026-04-16T12:53:30.771Z,1776344010771,682.5,,,,,,,,,,,,,,,,,,,,,,,,,,,,,
session_1776344160063_p9gsp3,student_w1_048,guesser,evt_1776344160138_rl9,chapter_entered,2026-04-16T12:56:00.138Z,1776344160138,75,,,,,,,,,,,,,,,,,,,,,,,,,,,,,
session_1776344160063_p9gsp3,student_w1_048,guesser,evt_1776344163522_8ow,combat_started,2026-04-16T12:56:03.522Z,1776344163522,3459,,,,,,,,,,,,,,,,,,,,,,,,,,,,,
session_1776344334141_4qov5a,student_w2_049,average_student,evt_1776344334183_scd,chapter_entered,2026-04-16T12:58:54.183Z,1776344334183,42,,,,,,,,,,,,,,,,,,,,,,,,,,,,,
session_1776344334141_4qov5a,student_w2_049,average_student,evt_1776344336014.5_7p6,combat_started,2026-04-16T12:58:56.014Z,1776344336014.5,1873.5,,,,,,,,,,,,,,,,,,,,,,,,,,,,,
session_1776344476492.5_5dqhee,student_w1_049,strong_student,evt_1776344476509_5ma,chapter_entered,2026-04-16T13:01:16.510Z,1776344476510.5,18,,,,,,,,,,,,,,,,,,,,,,,,,,,,,
session_1776344476492.5_5dqhee,student_w1_049,strong_student,evt_1776344478196.5_vth,combat_started,2026-04-16T13:01:18.196Z,1776344478196.5,1704,,,,,,,,,,,,,,,,,,,,,,,,,,,,,
session_1776344476492.5_5dqhee,student_w1_049,strong_student,evt_1776344491456.5_2l7,spell_choice,2026-04-16T13:01:31.456Z,1776344491456.5,14964,,,math,3,,,,,,,,,,,,,,,,,,,,,,,,,
session_1776344476492.5_5dqhee,student_w1_049,strong_student,evt_1776344504413.5_5da,question_answered,2026-04-16T13:01:44.413Z,1776344504413.5,27921,,m34,math,3,false,12927,,,,,,,,,,,,,,,,,,,,,,,
session_1776344646903_yeu1d5,student_w2_050,guesser,evt_1776344646910.5_aoj,chapter_entered,2026-04-16T13:04:06.910Z,1776344646910.5,6,,,,,,,,,,,,,,,,,,,,,,,,,,,,,
session_1776344646903_yeu1d5,student_w2_050,guesser,evt_1776344649067.5_91g,combat_started,2026-04-16T13:04:09.067Z,1776344649067.5,2163,,,,,,,,,,,,,,,,,,,,,,,,,,,,,
session_1776344646903_yeu1d5,student_w2_050,guesser,evt_1776344662258.5_uzo,spell_choice,2026-04-16T13:04:22.258Z,1776344662258.5,15354,,,math,3,,,,,,,,,,,,,,,,,,,,,,,,,
session_1776344646903_yeu1d5,student_w2_050,guesser,evt_1776344674518_vc2,question_answered,2026-04-16T13:04:34.518Z,1776344674518,27613.5,,m33,math,3,false,12232.5,,,,,,,,,,,,,,,,,,,,,,,
session_1776344646903_yeu1d5,student_w2_050,guesser,evt_1776344706700.5_c8h,spell_choice,2026-04-16T13:05:06.700Z,1776344706700.5,59796,,,math,1,,,,,,,,,,,,,,,,,,,,,,,,,
session_1776344646903_yeu1d5,student_w2_050,guesser,evt_1776344720244_mlp,question_answered,2026-04-16T13:05:20.244Z,1776344720244,73339.5,,m7,math,1,false,13537.5,,,,,,,,,,,,,,,,,,,,,,,
session_1776344803149_50oxgj,student_w1_050,guesser,evt_1776344803171.5_m3l,chapter_entered,2026-04-16T13:06:43.171Z,1776344803171.5,22.5,,,,,,,,,,,,,,,,,,,,,,,,,,,,,
session_1776344803149_50oxgj,student_w1_050,guesser,evt_1776344804067_r26,combat_started,2026-04-16T13:06:44.067Z,1776344804067,918,,,,,,,,,,,,,,,,,,,,,,,,,,,,,
session_1776344960613_o86cgr,student_w2_051,risk_taker,evt_1776344960626.5_ije,chapter_entered,2026-04-16T13:09:20.626Z,1776344960626.5,13.5,,,,,,,,,,,,,,,,,,,,,,,,,,,,,
session_1776344960613_o86cgr,student_w2_051,risk_taker,evt_1776344962492.5_zb6,combat_started,2026-04-16T13:09:22.492Z,1776344962492.5,1879.5,,,,,,,,,,,,,,,,,,,,,,,,,,,,,
session_1776345111901.5_4garcb,student_w1_051,guesser,evt_1776345111943.5_9h2,chapter_entered,2026-04-16T13:11:51.943Z,1776345111943.5,42,,,,,,,,,,,,,,,,,,,,,,,,,,,,,
session_1776345111901.5_4garcb,student_w1_051,guesser,evt_1776345113275.5_x5i,combat_started,2026-04-16T13:11:53.275Z,1776345113275.5,1374,,,,,,,,,,,,,,,,,,,,,,,,,,,,,
session_1776345111901.5_4garcb,student_w1_051,guesser,evt_1776345134227.5_jh2,spell_choice,2026-04-16T13:12:14.227Z,1776345134227.5,22326,,,science,3,,,,,,,,,,,,,,,,,,,,,,,,,
session_1776345111901.5_4garcb,student_w1_051,guesser,evt_1776345144556.5_tsv,question_answered,2026-04-16T13:12:24.556Z,1776345144556.5,32655,,s35,science,3,true,10297.5,,,,,,,,,,,,,,,,,,,,,,,
session_1776345111901.5_4garcb,student_w1_051,guesser,evt_1776345152851.5_yah,timing_cast,2026-04-16T13:12:32.868Z,1776345152868,40966.5,,,,,,,,,,,,,,,,,,,,,,,,,,,,,
session_1776345111901.5_4garcb,student_w1_051,guesser,evt_1776345178113_xsw,spell_choice,2026-04-16T13:12:58.113Z,1776345178113,66211.5,,,math,5,,,,,,,,,,,,,,,,,,,,,,,,,
session_1776345111901.5_4garcb,student_w1_051,guesser,evt_1776345190810.5_zk2,question_answered,2026-04-16T13:13:10.810Z,1776345190810.5,78909,,m62,math,5,false,12504,,,,,,,,,,,,,,,,,,,,,,,
session_1776345111901.5_4garcb,student_w1_051,guesser,evt_1776345222867_r17,spell_choice,2026-04-16T13:13:42.867Z,1776345222867,110965.5,,,math,3,,,,,,,,,,,,,,,,,,,,,,,,,
session_1776345111901.5_4garcb,student_w1_051,guesser,evt_1776345235527_g05,question_answered,2026-04-16T13:13:55.527Z,1776345235527,123625.5,,m37,math,3,false,12654,,,,,,,,,,,,,,,,,,,,,,,
session_1776345111901.5_4garcb,student_w1_051,guesser,evt_1776345244453.5_wyt,defend_action,2026-04-16T13:14:04.453Z,1776345244453.5,132552,,,,,,,,,,,,,,,,,,,,,,,,,,,,,
session_1776345111901.5_4garcb,student_w1_051,guesser,evt_1776345274710_0mg,spell_choice,2026-04-16T13:14:34.710Z,1776345274710,162808.5,,,science,1,,,,,,,,,,,,,,,,,,,,,,,,,
session_1776345111901.5_4garcb,student_w1_051,guesser,evt_1776345283921.5_flj,question_answered,2026-04-16T13:14:43.921Z,1776345283921.5,172020,,s9,science,1,false,9199.5,,,,,,,,,,,,,,,,,,,,,,,
session_1776345111901.5_4garcb,student_w1_051,guesser,evt_1776345304933.5_cah,spell_choice,2026-04-16T13:15:04.933Z,1776345304933.5,193032,,,math,1,,,,,,,,,,,,,,,,,,,,,,,,,
session_1776345111901.5_4garcb,student_w1_051,guesser,evt_1776345318226.5_s2c,question_answered,2026-04-16T13:15:18.226Z,1776345318226.5,206325,,m5,math,1,false,13281,,,,,,,,,,,,,,,,,,,,,,,
session_1776345279168_mb5olz,student_w2_052,risk_taker,evt_1776345279202.5_tab,chapter_entered,2026-04-16T13:14:39.202Z,1776345279202.5,34.5,,,,,,,,,,,,,,,,,,,,,,,,,,,,,
session_1776345279168_mb5olz,student_w2_052,risk_taker,evt_1776345281212.5_vgw,combat_started,2026-04-16T13:14:41.212Z,1776345281212.5,2044.5,,,,,,,,,,,,,,,,,,,,,,,,,,,,,
session_1776345279168_mb5olz,student_w2_052,risk_taker,evt_1776345293758.5_vx6,spell_choice,2026-04-16T13:14:53.758Z,1776345293758.5,14590.5,,,math,3,,,,,,,,,,,,,,,,,,,,,,,,,
session_1776345279168_mb5olz,student_w2_052,risk_taker,evt_1776345306700.5_jum,question_answered,2026-04-16T13:15:06.700Z,1776345306700.5,27532.5,,m38,math,3,false,12909,,,,,,,,,,,,,,,,,,,,,,,
session_1776345279168_mb5olz,student_w2_052,risk_taker,evt_1776345338869.5_nk7,spell_choice,2026-04-16T13:15:38.869Z,1776345338869.5,59701.5,,,math,1,,,,,,,,,,,,,,,,,,,,,,,,,
session_1776345279168_mb5olz,student_w2_052,risk_taker,evt_1776345351498_6ej,question_answered,2026-04-16T13:15:51.498Z,1776345351498,72330,,m15,math,1,false,12619.5,,,,,,,,,,,,,,,,,,,,,,,
session_1776345279168_mb5olz,student_w2_052,risk_taker,evt_1776345382966.5_b3w,spell_choice,2026-04-16T13:16:22.966Z,1776345382966.5,103798.5,,,math,1,,,,,,,,,,,,,,,,,,,,,,,,,
session_1776345279168_mb5olz,student_w2_052,risk_taker,evt_1776345395283_3q1,question_answered,2026-04-16T13:16:35.283Z,1776345395283,116115,,m10,math,1,false,12300,,,,,,,,,,,,,,,,,,,,,,,
session_1776345434340_a7fczm,student_w1_052,struggling_student,evt_1776345434355_d90,chapter_entered,2026-04-16T13:17:14.355Z,1776345434355,15,,,,,,,,,,,,,,,,,,,,,,,,,,,,,
session_1776345434340_a7fczm,student_w1_052,struggling_student,evt_1776345435193.5_sb5,combat_started,2026-04-16T13:17:15.193Z,1776345435193.5,853.5,,,,,,,,,,,,,,,,,,,,,,,,,,,,,
session_1776345597712.5_kl8le8,student_w2_053,methodical,evt_1776345597793.5_kwp,chapter_entered,2026-04-16T13:19:57.793Z,1776345597793.5,81,,,,,,,,,,,,,,,,,,,,,,,,,,,,,
session_1776345597712.5_kl8le8,student_w2_053,methodical,evt_1776345598591.5_8ws,combat_started,2026-04-16T13:19:58.591Z,1776345598591.5,879,,,,,,,,,,,,,,,,,,,,,,,,,,,,,
session_1776345597712.5_kl8le8,student_w2_053,methodical,evt_1776345611428.5_rpi,spell_choice,2026-04-16T13:20:11.428Z,1776345611428.5,13716,,,math,3,,,,,,,,,,,,,,,,,,,,,,,,,
session_1776345597712.5_kl8le8,student_w2_053,methodical,evt_1776345624300_9ym,question_answered,2026-04-16T13:20:24.300Z,1776345624300,26587.5,,m33,math,3,false,12849,,,,,,,,,,,,,,,,,,,,,,,
session_1776345754998_rtb9p3,student_w1_053,strong_student,evt_1776345755007_g1r,chapter_entered,2026-04-16T13:22:35.007Z,1776345755007,9,,,,,,,,,,,,,,,,,,,,,,,,,,,,,
session_1776345754998_rtb9p3,student_w1_053,strong_student,evt_1776345755974.5_39i,combat_started,2026-04-16T13:22:35.974Z,1776345755974.5,976.5,,,,,,,,,,,,,,,,,,,,,,,,,,,,,
session_1776345754998_rtb9p3,student_w1_053,strong_student,evt_1776345776388_vlk,spell_choice,2026-04-16T13:22:56.388Z,1776345776388,21390,,,math,3,,,,,,,,,,,,,,,,,,,,,,,,,
session_1776345754998_rtb9p3,student_w1_053,strong_student,evt_1776345786121.5_u6q,question_answered,2026-04-16T13:23:06.121Z,1776345786121.5,31123.5,,m31,math,3,true,9727.5,,,,,,,,,,,,,,,,,,,,,,,
session_1776345754998_rtb9p3,student_w1_053,strong_student,evt_1776345795726_zpu,timing_cast,2026-04-16T13:23:15.726Z,1776345795726,40728,,,,,,,,,,,,,,,,,,,,,,,,,,,,,
session_1776345754998_rtb9p3,student_w1_053,strong_student,evt_1776345837789_5hc,spell_choice,2026-04-16T13:23:57.790Z,1776345837790.5,82792.5,,,math,5,,,,,,,,,,,,,,,,,,,,,,,,,
session_1776345754998_rtb9p3,student_w1_053,strong_student,evt_1776345846310.5_3jq,question_answered,2026-04-16T13:24:06.310Z,1776345846310.5,91312.5,,m69,math,5,true,8512.5,,,,,,,,,,,,,,,,,,,,,,,
session_1776345754998_rtb9p3,student_w1_053,strong_student,evt_1776345852837_brh,timing_cast,2026-04-16T13:24:12.837Z,1776345852837,97839,,,,,,,,,,,,,,,,,,,,,,,,,,,,,
